期货名称,期货代码,日期,开盘,收盘,最高,最低,成交量,成交额,振幅,涨跌幅,涨跌额,换手率
螺纹钢2601,rb2601,2025-08-25 09:15,11624899,11624448,11624980,11624448,61322,1980599310,16.66,363846.41,11621254.0,0.0
螺纹钢2601,rb2601,2025-08-25 09:30,11624448,11624407,11624571,11624243,28554,920498110,0.0,0.0,-41.0,0.0
螺纹钢2601,rb2601,2025-08-25 09:45,11624366,11624120,11624448,11623956,27524,885265860,0.0,0.0,-287.0,0.0
螺纹钢2601,rb2601,2025-08-25 10:00,11624120,11623956,11624243,11623793,30298,973408730,0.0,0.0,-164.0,0.0
螺纹钢2601,rb2601,2025-08-25 10:15,11623916,11624284,11624284,11623916,17184,552370500,0.0,0.0,328.0,0.0
螺纹钢2601,rb2601,2025-08-25 10:45,11624325,11624817,11625021,11624325,56407,1823031880,0.01,0.0,533.0,0.0
螺纹钢2601,rb2601,2025-08-25 11:00,11624817,11625021,11625185,11624694,29725,962241650,0.0,0.0,204.0,0.0
螺纹钢2601,rb2601,2025-08-25 11:15,11624980,11624817,11625062,11624612,22029,712066360,0.0,0.0,-204.0,0.0
螺纹钢2601,rb2601,2025-08-25 11:30,11624817,11624653,11624817,11624325,26941,868944700,0.0,0.0,-164.0,0.0
螺纹钢2601,rb2601,2025-08-25 13:45,11624653,11624448,11624653,11624284,20172,650218220,0.0,0.0,-205.0,0.0
螺纹钢2601,rb2601,2025-08-25 14:00,11624407,11624489,11624653,11624407,14656,472747490,0.0,0.0,41.0,0.0
螺纹钢2601,rb2601,2025-08-25 14:15,11624489,11624489,11624530,11624366,9723,313505330,0.0,0.0,0.0,0.0
螺纹钢2601,rb2601,2025-08-25 14:30,11624448,11624694,11624735,11624448,14082,454509100,0.0,0.0,205.0,0.0
螺纹钢2601,rb2601,2025-08-25 14:45,11624735,11624735,11624735,11624530,13195,426045790,0.0,0.0,41.0,0.0
螺纹钢2601,rb2601,2025-08-25 15:00,11624735,11624448,11624776,11624366,22042,711069500,0.0,0.0,-287.0,0.0
螺纹钢2601,rb2601,2025-08-25 21:15,11624325,11624407,11624694,11624325,46613,1503154090,0.0,0.0,-41.0,0.0
螺纹钢2601,rb2601,2025-08-25 21:30,11624407,11624366,11624489,11624366,12910,416143420,0.0,0.0,-41.0,0.0
螺纹钢2601,rb2601,2025-08-25 21:45,11624366,11624407,11624530,11624325,9214,297001560,0.0,0.0,41.0,0.0
螺纹钢2601,rb2601,2025-08-25 22:00,11624448,11624366,11624489,11624284,12893,415432370,0.0,0.0,-41.0,0.0
螺纹钢2601,rb2601,2025-08-25 22:15,11624325,11624284,11624366,11624202,11870,382217050,0.0,0.0,-82.0,0.0
螺纹钢2601,rb2601,2025-08-25 22:30,11624325,11624284,11624366,11624243,6773,218122680,0.0,0.0,0.0,0.0
螺纹钢2601,rb2601,2025-08-25 22:45,11624243,11624120,11624325,11624120,9069,291860110,0.0,0.0,-164.0,0.0
螺纹钢2601,rb2601,2025-08-25 23:00,11624120,11623997,11624202,11623956,14239,457849850,0.0,0.0,-123.0,0.0
螺纹钢2601,rb2601,2025-08-26 09:15,11623997,11623997,11624038,11623670,44602,1431506200,0.0,0.0,0.0,0.0
螺纹钢2601,rb2601,2025-08-26 09:30,11623997,11623916,11624120,11623793,18191,584174820,0.0,0.0,-81.0,0.0
螺纹钢2601,rb2601,2025-08-26 09:45,11623916,11623916,11623956,11623793,11436,367085880,0.0,0.0,0.0,0.0
螺纹钢2601,rb2601,2025-08-26 10:00,11623916,11623916,11624038,11623793,12171,390875270,0.0,0.0,0.0,0.0
螺纹钢2601,rb2601,2025-08-26 10:15,11623956,11624079,11624079,11623834,14952,480205410,0.0,0.0,163.0,0.0
螺纹钢2601,rb2601,2025-08-26 10:45,11624038,11623875,11624120,11623834,13368,429432970,0.0,0.0,-204.0,0.0
螺纹钢2601,rb2601,2025-08-26 11:00,11623834,11623629,11623956,11623547,25098,804928130,0.0,0.0,-246.0,0.0
螺纹钢2601,rb2601,2025-08-26 11:15,11623670,11623670,11623711,11623465,30937,990782020,0.0,0.0,41.0,0.0
螺纹钢2601,rb2601,2025-08-26 11:30,11623711,11623670,11623875,11623629,22278,714605040,0.0,0.0,0.0,0.0
螺纹钢2601,rb2601,2025-08-26 13:45,11623670,11623219,11623670,11623137,49272,1574984650,0.0,0.0,-451.0,0.0
螺纹钢2601,rb2601,2025-08-26 14:00,11623219,11623424,11623465,11623137,21065,673205290,0.0,0.0,205.0,0.0
螺纹钢2601,rb2601,2025-08-26 14:15,11623383,11623342,11623588,11623301,19443,622095630,0.0,0.0,-82.0,0.0
螺纹钢2601,rb2601,2025-08-26 14:30,11623301,11623014,11623424,11623014,34587,1104407980,0.0,0.0,-328.0,0.0
螺纹钢2601,rb2601,2025-08-26 14:45,11623055,11622932,11623219,11622892,33927,1082153100,0.0,0.0,-82.0,0.0
螺纹钢2601,rb2601,2025-08-26 15:00,11622932,11622851,11623096,11622810,35972,1146616520,0.0,0.0,-81.0,0.0
螺纹钢2601,rb2601,2025-08-26 21:15,11622728,11622932,11623014,11622605,59873,1906336660,0.0,0.0,81.0,0.0
螺纹钢2601,rb2601,2025-08-26 21:30,11622973,11622851,11622973,11622646,29367,935028190,0.0,0.0,-81.0,0.0
螺纹钢2601,rb2601,2025-08-26 21:45,11622851,11622769,11622851,11622646,12738,405383380,0.0,0.0,-82.0,0.0
螺纹钢2601,rb2601,2025-08-26 22:00,11622728,11622810,11622892,11622564,18644,593141640,0.0,0.0,41.0,0.0
螺纹钢2601,rb2601,2025-08-26 22:15,11622810,11623137,11623219,11622769,30283,966332340,0.0,0.0,327.0,0.0
螺纹钢2601,rb2601,2025-08-26 22:30,11623137,11623096,11623260,11623055,10891,347731000,0.0,0.0,-41.0,0.0
螺纹钢2601,rb2601,2025-08-26 22:45,11623137,11622851,11623137,11622810,11858,377945120,0.0,0.0,-245.0,0.0
螺纹钢2601,rb2601,2025-08-26 23:00,11622851,11622973,11622973,11622851,7767,247489640,0.0,0.0,122.0,0.0
螺纹钢2601,rb2601,2025-08-27 09:15,11623014,11622932,11623178,11622932,13707,437217110,0.0,0.0,-41.0,0.0
螺纹钢2601,rb2601,2025-08-27 09:30,11622932,11622892,11623096,11622851,13994,446123490,0.0,0.0,-40.0,0.0
螺纹钢2601,rb2601,2025-08-27 09:45,11622851,11622851,11622932,11622769,9366,298302790,0.0,0.0,-41.0,0.0
螺纹钢2601,rb2601,2025-08-27 10:00,11622851,11622277,11622851,11622195,44942,1427272360,0.01,0.0,-574.0,0.0
螺纹钢2601,rb2601,2025-08-27 10:15,11622318,11622482,11622687,11622236,28677,910984070,0.0,0.0,205.0,0.0
螺纹钢2601,rb2601,2025-08-27 10:45,11622482,11622400,11622482,11622277,22345,709190050,0.0,0.0,-82.0,0.0
螺纹钢2601,rb2601,2025-08-27 11:00,11622400,11622482,11622523,11622113,35562,1127959050,0.0,0.0,82.0,0.0
螺纹钢2601,rb2601,2025-08-27 11:15,11622482,11623178,11623260,11622441,51472,1639371370,0.01,0.01,696.0,0.0
螺纹钢2601,rb2601,2025-08-27 11:30,11623219,11622851,11623219,11622728,51906,1653966370,0.0,0.0,-327.0,0.0
螺纹钢2601,rb2601,2025-08-27 13:45,11622851,11622482,11622851,11622400,38355,1218962980,0.0,0.0,-369.0,0.0
螺纹钢2601,rb2601,2025-08-27 14:00,11622441,11622441,11622605,11622277,25088,796538290,0.0,0.0,-41.0,0.0
螺纹钢2601,rb2601,2025-08-27 14:15,11622441,11622605,11622728,11622441,23672,752409900,0.0,0.0,164.0,0.0
螺纹钢2601,rb2601,2025-08-27 14:30,11622605,11622359,11622687,11622277,20150,639948130,0.0,0.0,-246.0,0.0
螺纹钢2601,rb2601,2025-08-27 14:45,11622359,11622359,11622851,11622277,36132,1148135560,0.0,0.0,0.0,0.0
螺纹钢2601,rb2601,2025-08-27 15:00,11622359,11622318,11622359,11622072,35182,1115360620,0.0,0.0,-41.0,0.0
螺纹钢2601,rb2601,2025-08-27 21:15,11622318,11621949,11622441,11621827,60125,1903110330,0.01,0.0,-369.0,0.0
螺纹钢2601,rb2601,2025-08-27 21:30,11621949,11621949,11622154,11621908,21116,668218090,0.0,0.0,0.0,0.0
螺纹钢2601,rb2601,2025-08-27 21:45,11621908,11621990,11622072,11621908,18116,573203940,0.0,0.0,41.0,0.0
螺纹钢2601,rb2601,2025-08-27 22:00,11621990,11622031,11622154,11621949,15359,486201620,0.0,0.0,41.0,0.0
螺纹钢2601,rb2601,2025-08-27 22:15,11622031,11622154,11622277,11621990,9279,293846320,0.0,0.0,123.0,0.0
螺纹钢2601,rb2601,2025-08-27 22:30,11622113,11621868,11622195,11621827,16251,514007870,0.0,0.0,-286.0,0.0
螺纹钢2601,rb2601,2025-08-27 22:45,11621827,11621868,11621990,11621786,11359,359095700,0.0,0.0,0.0,0.0
螺纹钢2601,rb2601,2025-08-27 23:00,11621868,11621990,11621990,11621786,14035,443660650,0.0,0.0,122.0,0.0
螺纹钢2601,rb2601,2025-08-28 09:15,11622031,11622031,11622072,11621786,30921,978102050,0.0,0.0,41.0,0.0
螺纹钢2601,rb2601,2025-08-28 09:30,11622031,11622031,11622195,11621990,19923,630803950,0.0,0.0,0.0,0.0
螺纹钢2601,rb2601,2025-08-28 09:45,11622031,11622236,11622277,11622031,19751,625719320,0.0,0.0,205.0,0.0
螺纹钢2601,rb2601,2025-08-28 10:00,11622236,11622072,11622277,11621949,21098,668314550,0.0,0.0,-164.0,0.0
螺纹钢2601,rb2601,2025-08-28 10:15,11622072,11622441,11622523,11622031,44218,1403046140,0.0,0.0,369.0,0.0
螺纹钢2601,rb2601,2025-08-28 10:45,11622482,11622646,11622687,11622400,32804,1042353350,0.0,0.0,205.0,0.0
螺纹钢2601,rb2601,2025-08-28 11:00,11622605,11622441,11622728,11622400,33989,1080170680,0.0,0.0,-205.0,0.0
螺纹钢2601,rb2601,2025-08-28 11:15,11622482,11622441,11622564,11622359,24438,776007030,0.0,0.0,0.0,0.0
螺纹钢2601,rb2601,2025-08-28 11:30,11622482,11622441,11622564,11622195,37129,1178391790,0.0,0.0,0.0,0.0
螺纹钢2601,rb2601,2025-08-28 13:45,11622236,11623014,11623137,11622236,68879,2193828030,0.01,0.0,573.0,0.0
螺纹钢2601,rb2601,2025-08-28 14:00,11622973,11623260,11623301,11622973,56174,1793477420,0.0,0.0,246.0,0.0
螺纹钢2601,rb2601,2025-08-28 14:15,11623301,11623834,11624038,11623301,104728,3357035860,0.01,0.0,574.0,0.0
螺纹钢2601,rb2601,2025-08-28 14:30,11623793,11623793,11623956,11623588,49980,1603314120,0.0,0.0,-41.0,0.0
螺纹钢2601,rb2601,2025-08-28 14:45,11623793,11623711,11623875,11623670,26183,839796200,0.0,0.0,-82.0,0.0
螺纹钢2601,rb2601,2025-08-28 15:00,11623711,11623670,11623834,11623588,30621,981448310,0.0,0.0,-41.0,0.0
螺纹钢2601,rb2601,2025-08-28 21:15,11623670,11623506,11623875,11623506,76932,2465533520,0.0,0.0,-164.0,0.0
螺纹钢2601,rb2601,2025-08-28 21:30,11623547,11623506,11623588,11623424,30506,976611680,0.0,0.0,0.0,0.0
螺纹钢2601,rb2601,2025-08-28 21:45,11623506,11623465,11623588,11623424,18458,590795340,0.0,0.0,-41.0,0.0
螺纹钢2601,rb2601,2025-08-28 22:00,11623465,11623342,11623547,11623301,20172,645225980,0.0,0.0,-123.0,0.0
螺纹钢2601,rb2601,2025-08-28 22:15,11623342,11623137,11623383,11623055,32646,1042557910,0.0,0.0,-205.0,0.0
螺纹钢2601,rb2601,2025-08-28 22:30,11623137,11622932,11623137,11622851,44711,1424965530,0.0,0.0,-205.0,0.0
螺纹钢2601,rb2601,2025-08-28 22:45,11622932,11622482,11622973,11622482,45587,1450541440,0.0,0.0,-450.0,0.0
螺纹钢2601,rb2601,2025-08-28 23:00,11622482,11622523,11622646,11622359,40261,1278784080,0.0,0.0,41.0,0.0
螺纹钢2601,rb2601,2025-08-29 09:15,11622523,11622441,11622687,11622277,56327,1788898870,0.0,0.0,-82.0,0.0
螺纹钢2601,rb2601,2025-08-29 09:30,11622400,11622318,11622482,11622154,39851,1263963500,0.0,0.0,-123.0,0.0
螺纹钢2601,rb2601,2025-08-29 09:45,11622318,11622277,11622359,11622154,27631,875993580,0.0,0.0,-41.0,0.0
螺纹钢2601,rb2601,2025-08-29 10:00,11622277,11622236,11622441,11622195,25441,806913890,0.0,0.0,-41.0,0.0
螺纹钢2601,rb2601,2025-08-29 10:15,11622277,11622113,11622441,11622072,36119,1145026550,0.0,0.0,-123.0,0.0
螺纹钢2601,rb2601,2025-08-29 10:45,11622113,11622359,11622441,11622113,31516,999462500,0.0,0.0,246.0,0.0
螺纹钢2601,rb2601,2025-08-29 11:00,11622359,11622072,11622400,11622031,28033,888306130,0.0,0.0,-287.0,0.0
螺纹钢2601,rb2601,2025-08-29 11:15,11622113,11622195,11622277,11622031,25081,794627820,0.0,0.0,123.0,0.0
螺纹钢2601,rb2601,2025-08-29 11:30,11622195,11622195,11622277,11622072,21727,688262090,0.0,0.0,0.0,0.0
螺纹钢2601,rb2601,2025-08-29 13:45,11622154,11622400,11622523,11621990,45447,1441132370,0.0,0.0,205.0,0.0
螺纹钢2601,rb2601,2025-08-29 14:00,11622400,11622523,11622523,11622277,21013,666927500,0.0,0.0,123.0,0.0
螺纹钢2601,rb2601,2025-08-29 14:15,11622482,11622113,11622605,11621990,41095,1303107330,0.01,0.0,-410.0,0.0
螺纹钢2601,rb2601,2025-08-29 14:30,11622072,11621581,11622072,11621499,109829,3467661110,0.0,0.0,-532.0,0.0
螺纹钢2601,rb2601,2025-08-29 14:45,11621581,11621745,11621908,11621581,47172,1489742640,0.0,0.0,164.0,0.0
螺纹钢2601,rb2601,2025-08-29 15:00,11621786,11621827,11621949,11621704,57350,1812496040,0.0,0.0,82.0,0.0
螺纹钢2601,rb2601,2025-08-29 21:15,11621417,11621499,11621868,11621417,135147,4262150650,0.0,0.0,-328.0,0.0
螺纹钢2601,rb2601,2025-08-29 21:30,11621540,11621253,11621540,11621171,67488,2124661060,0.0,0.0,-246.0,0.0
螺纹钢2601,rb2601,2025-08-29 21:45,11621253,11621048,11621294,11620884,66840,2099854070,0.0,0.0,-205.0,0.0
螺纹钢2601,rb2601,2025-08-29 22:00,11621048,11620803,11621089,11620762,43614,1368580050,0.0,0.0,-245.0,0.0
螺纹钢2601,rb2601,2025-08-29 22:15,11620803,11620516,11620925,11620475,58469,1832015810,0.0,0.0,-287.0,0.0
螺纹钢2601,rb2601,2025-08-29 22:30,11620516,11620884,11620884,11620516,58598,1835479980,0.0,0.0,368.0,0.0
螺纹钢2601,rb2601,2025-08-29 22:45,11620884,11620721,11620966,11620680,41197,1291994690,0.0,0.0,-163.0,0.0
螺纹钢2601,rb2601,2025-08-29 23:00,11620680,11620393,11620762,11620352,55897,1748666320,0.0,0.0,-328.0,0.0
螺纹钢2601,rb2601,2025-09-01 09:15,11620352,11619942,11620393,11619860,148615,4632962890,0.0,0.0,-451.0,0.0
螺纹钢2601,rb2601,2025-09-01 09:30,11619942,11620147,11620188,11619860,66023,2057102260,0.0,0.0,205.0,0.0
螺纹钢2601,rb2601,2025-09-01 09:45,11620147,11619860,11620229,11619820,44095,1373745110,0.0,0.0,-287.0,0.0
螺纹钢2601,rb2601,2025-09-01 10:00,11619860,11619779,11619860,11619656,54523,1695213780,0.0,0.0,-81.0,0.0
螺纹钢2601,rb2601,2025-09-01 10:15,11619779,11619942,11619983,11619779,42492,1322684060,0.0,0.0,163.0,0.0
螺纹钢2601,rb2601,2025-09-01 10:45,11619901,11619779,11620024,11619574,48209,1498793830,0.0,0.0,-163.0,0.0
螺纹钢2601,rb2601,2025-09-01 11:00,11619779,11619779,11619779,11619574,29848,927481430,0.0,0.0,0.0,0.0
螺纹钢2601,rb2601,2025-09-01 11:15,11619779,11619656,11619779,11619574,23384,726535780,0.0,0.0,-123.0,0.0
螺纹钢2601,rb2601,2025-09-01 11:30,11619656,11619492,11619820,11619410,36397,1130432720,0.0,0.0,-164.0,0.0
螺纹钢2601,rb2601,2025-09-01 13:45,11619574,11619328,11619656,11619123,76800,2380394020,0.0,0.0,-164.0,0.0
螺纹钢2601,rb2601,2025-09-01 14:00,11619328,11619779,11619779,11619205,48494,1504501120,0.0,0.0,451.0,0.0
螺纹钢2601,rb2601,2025-09-01 14:15,11619779,11619820,11619942,11619656,49178,1529521080,0.0,0.0,41.0,0.0
螺纹钢2601,rb2601,2025-09-01 14:30,11619820,11619942,11620024,11619656,47650,1482714760,0.0,0.0,122.0,0.0
螺纹钢2601,rb2601,2025-09-01 14:45,11619942,11619860,11620106,11619738,41362,1287455150,0.0,0.0,-82.0,0.0
螺纹钢2601,rb2601,2025-09-01 15:00,11619860,11619983,11619983,11619533,58496,1819031950,0.0,0.0,123.0,0.0
螺纹钢2601,rb2601,2025-09-01 21:15,11619983,11619942,11620188,11619615,83511,2598990350,0.0,0.0,-41.0,0.0
螺纹钢2601,rb2601,2025-09-01 21:30,11619983,11620147,11620188,11619901,41253,1285950200,0.0,0.0,205.0,0.0
螺纹钢2601,rb2601,2025-09-01 21:45,11620147,11620065,11620188,11619983,26092,813396120,0.0,0.0,-82.0,0.0
螺纹钢2601,rb2601,2025-09-01 22:00,11620024,11619942,11620106,11619942,18484,575929900,0.0,0.0,-123.0,0.0
螺纹钢2601,rb2601,2025-09-01 22:15,11619942,11619738,11620024,11619697,37152,1156118260,0.0,0.0,-204.0,0.0
螺纹钢2601,rb2601,2025-09-01 22:30,11619779,11619738,11619820,11619697,17677,549703780,0.0,0.0,0.0,0.0
螺纹钢2601,rb2601,2025-09-01 22:45,11619738,11619697,11619820,11619656,18410,572263630,0.0,0.0,-41.0,0.0
螺纹钢2601,rb2601,2025-09-01 23:00,11619697,11619656,11619738,11619615,19891,618135050,0.0,0.0,-41.0,0.0
螺纹钢2601,rb2601,2025-09-02 09:15,11619697,11619574,11619697,11619410,49871,1547985770,0.0,0.0,-82.0,0.0
螺纹钢2601,rb2601,2025-09-02 09:30,11619533,11619697,11619820,11619492,24483,760950350,0.0,0.0,123.0,0.0
螺纹钢2601,rb2601,2025-09-02 09:45,11619697,11619779,11619779,11619574,21507,668334680,0.0,0.0,82.0,0.0
螺纹钢2601,rb2601,2025-09-02 10:00,11619779,11619901,11619901,11619656,29615,921184990,0.0,0.0,122.0,0.0
螺纹钢2601,rb2601,2025-09-02 10:15,11619860,11619738,11620024,11619697,28940,900536750,0.0,0.0,-163.0,0.0
螺纹钢2601,rb2601,2025-09-02 10:45,11619820,11619738,11620024,11619656,36921,1148698210,0.0,0.0,0.0,0.0
螺纹钢2601,rb2601,2025-09-02 11:00,11619738,11620270,11620311,11619656,56330,1755044550,0.01,0.0,532.0,0.0
螺纹钢2601,rb2601,2025-09-02 11:15,11620311,11620188,11620598,11620147,93555,2923745810,0.0,0.0,-82.0,0.0
螺纹钢2601,rb2601,2025-09-02 11:30,11620147,11620393,11620803,11620106,71232,2227721070,0.01,0.0,205.0,0.0
螺纹钢2601,rb2601,2025-09-02 13:45,11620352,11620475,11620598,11620352,39809,1244920740,0.0,0.0,82.0,0.0
螺纹钢2601,rb2601,2025-09-02 14:00,11620516,11620065,11620598,11620065,36478,1139255690,0.0,0.0,-410.0,0.0
螺纹钢2601,rb2601,2025-09-02 14:15,11620106,11620229,11620393,11620024,35775,1116152470,0.0,0.0,164.0,0.0
螺纹钢2601,rb2601,2025-09-02 14:30,11620229,11620024,11620270,11620024,24443,762281360,0.0,0.0,-205.0,0.0
螺纹钢2601,rb2601,2025-09-02 14:45,11620065,11620147,11620270,11619983,25753,803237350,0.0,0.0,123.0,0.0
螺纹钢2601,rb2601,2025-09-02 15:00,11620106,11620065,11620188,11619983,32585,1015718510,0.0,0.0,-82.0,0.0
螺纹钢2601,rb2601,2025-09-02 21:15,11620188,11620925,11620925,11620065,110305,3451819710,0.01,0.01,860.0,0.0
螺纹钢2601,rb2601,2025-09-02 21:30,11620884,11621007,11621171,11620884,98034,3078080400,0.0,0.0,82.0,0.0
螺纹钢2601,rb2601,2025-09-02 21:45,11621007,11620966,11621089,11620884,33622,1055469150,0.0,0.0,-41.0,0.0
螺纹钢2601,rb2601,2025-09-02 22:00,11620966,11621048,11621130,11620925,23848,748982960,0.0,0.0,82.0,0.0
螺纹钢2601,rb2601,2025-09-02 22:15,11621089,11620925,11621253,11620925,42180,1325438390,0.0,0.0,-123.0,0.0
螺纹钢2601,rb2601,2025-09-02 22:30,11620925,11620762,11620966,11620721,35913,1126137030,0.0,0.0,-163.0,0.0
螺纹钢2601,rb2601,2025-09-02 22:45,11620803,11620598,11620844,11620557,42008,1315740250,0.0,0.0,-164.0,0.0
螺纹钢2601,rb2601,2025-09-02 23:00,11620639,11620884,11620925,11620557,33712,1056387780,0.0,0.0,286.0,0.0
螺纹钢2601,rb2601,2025-09-03 09:15,11620925,11620147,11621130,11620065,125790,3931197640,0.01,-0.01,-737.0,0.0
螺纹钢2601,rb2601,2025-09-03 09:30,11620147,11620270,11620311,11619983,42273,1318357360,0.0,0.0,123.0,0.0
螺纹钢2601,rb2601,2025-09-03 09:45,11620311,11619860,11620352,11619820,59463,1852563450,0.0,0.0,-410.0,0.0
螺纹钢2601,rb2601,2025-09-03 10:00,11619860,11619738,11619901,11619574,55602,1728545380,0.0,0.0,-122.0,0.0
螺纹钢2601,rb2601,2025-09-03 10:15,11619738,11619615,11619820,11619492,45346,1408698360,0.0,0.0,-123.0,0.0
螺纹钢2601,rb2601,2025-09-03 10:45,11619615,11619901,11619901,11619492,49779,1546716210,0.0,0.0,286.0,0.0
螺纹钢2601,rb2601,2025-09-03 11:00,11619901,11619615,11619901,11619451,49325,1532839070,0.0,0.0,-286.0,0.0
螺纹钢2601,rb2601,2025-09-03 11:15,11619656,11619615,11619779,11619574,24223,752668840,0.0,0.0,0.0,0.0
螺纹钢2601,rb2601,2025-09-03 11:30,11619615,11619492,11619779,11619410,37967,1179051030,0.0,0.0,-123.0,0.0
螺纹钢2601,rb2601,2025-09-03 13:45,11619451,11619738,11619820,11619328,73112,2269863520,0.0,0.0,246.0,0.0
螺纹钢2601,rb2601,2025-09-03 14:00,11619738,11619738,11619860,11619533,43030,1337490970,0.0,0.0,0.0,0.0
螺纹钢2601,rb2601,2025-09-03 14:15,11619697,11619738,11619738,11619533,25435,790179660,0.0,0.0,0.0,0.0
螺纹钢2601,rb2601,2025-09-03 14:30,11619697,11619574,11619697,11619492,22231,690430730,0.0,0.0,-164.0,0.0
螺纹钢2601,rb2601,2025-09-03 14:45,11619533,11619738,11619860,11619533,36069,1121160860,0.0,0.0,164.0,0.0
螺纹钢2601,rb2601,2025-09-03 15:00,11619697,11619615,11619738,11619410,59881,1858613190,0.0,0.0,-123.0,0.0
螺纹钢2601,rb2601,2025-09-03 21:15,11619656,11619287,11619697,11619164,96030,2977169350,0.0,0.0,-328.0,0.0
螺纹钢2601,rb2601,2025-09-03 21:30,11619287,11619533,11619656,11619041,78155,2423074570,0.01,0.0,246.0,0.0
螺纹钢2601,rb2601,2025-09-03 21:45,11619492,11619246,11619574,11619164,43063,1334710060,0.0,0.0,-287.0,0.0
螺纹钢2601,rb2601,2025-09-03 22:00,11619205,11619287,11619328,11619082,29522,914008310,0.0,0.0,41.0,0.0
螺纹钢2601,rb2601,2025-09-03 22:15,11619246,11619164,11619287,11619082,19303,597446200,0.0,0.0,-123.0,0.0
螺纹钢2601,rb2601,2025-09-03 22:30,11619164,11619000,11619287,11619000,23512,727454820,0.0,0.0,-164.0,0.0
螺纹钢2601,rb2601,2025-09-03 22:45,11619041,11619000,11619123,11618959,23201,717445820,0.0,0.0,0.0,0.0
螺纹钢2601,rb2601,2025-09-03 23:00,11618959,11619041,11619164,11618877,41494,1282801980,0.0,0.0,41.0,0.0
螺纹钢2601,rb2601,2025-09-04 09:15,11619041,11619246,11619287,11618959,47860,1481018730,0.0,0.0,205.0,0.0
螺纹钢2601,rb2601,2025-09-04 09:30,11619246,11619410,11619451,11619205,34392,1066064820,0.0,0.0,164.0,0.0
螺纹钢2601,rb2601,2025-09-04 09:45,11619410,11619574,11619615,11619369,52596,1632689140,0.0,0.0,164.0,0.0
螺纹钢2601,rb2601,2025-09-04 10:00,11619574,11619820,11619860,11619492,46648,1449727470,0.0,0.0,246.0,0.0
螺纹钢2601,rb2601,2025-09-04 10:15,11619820,11619697,11619860,11619656,39185,1218489110,0.0,0.0,-123.0,0.0
螺纹钢2601,rb2601,2025-09-04 10:45,11619738,11619697,11619738,11619410,43435,1348462760,0.0,0.0,0.0,0.0
螺纹钢2601,rb2601,2025-09-04 11:00,11619697,11620311,11620352,11619574,101967,3176998240,0.01,0.01,614.0,0.0
螺纹钢2601,rb2601,2025-09-04 11:15,11620352,11620065,11620393,11620024,76366,2383086670,0.0,0.0,-246.0,0.0
螺纹钢2601,rb2601,2025-09-04 11:30,11620106,11620557,11620598,11620024,84590,2643400020,0.0,0.0,492.0,0.0
螺纹钢2601,rb2601,2025-09-04 13:45,11620598,11620024,11620639,11619901,108511,3386425240,0.01,0.0,-533.0,0.0
螺纹钢2601,rb2601,2025-09-04 14:00,11620024,11620270,11620393,11619983,48241,1505602900,0.0,0.0,246.0,0.0
螺纹钢2601,rb2601,2025-09-04 14:15,11620311,11620229,11620311,11620024,35775,1115805500,0.0,0.0,-41.0,0.0
螺纹钢2601,rb2601,2025-09-04 14:30,11620270,11620147,11620311,11619983,33582,1047384020,0.0,0.0,-82.0,0.0
螺纹钢2601,rb2601,2025-09-04 14:45,11620147,11620516,11620516,11620065,36330,1134558020,0.0,0.0,369.0,0.0
螺纹钢2601,rb2601,2025-09-04 15:00,11620516,11620065,11620639,11620024,87568,2735928220,0.01,0.0,-451.0,0.0
螺纹钢2601,rb2601,2025-09-04 21:15,11620065,11620024,11620352,11619779,89628,2793175050,0.0,0.0,-41.0,0.0
螺纹钢2601,rb2601,2025-09-04 21:30,11620024,11620106,11620229,11619983,31990,997575390,0.0,0.0,82.0,0.0
螺纹钢2601,rb2601,2025-09-04 21:45,11620147,11620311,11620352,11620065,32978,1029280150,0.0,0.0,205.0,0.0
螺纹钢2601,rb2601,2025-09-04 22:00,11620311,11620270,11620311,11620188,16220,506318640,0.0,0.0,-41.0,0.0
螺纹钢2601,rb2601,2025-09-04 22:15,11620270,11620065,11620270,11620024,22930,714949980,0.0,0.0,-205.0,0.0
螺纹钢2601,rb2601,2025-09-04 22:30,11620065,11619983,11620106,11619942,18982,591479060,0.0,0.0,-82.0,0.0
螺纹钢2601,rb2601,2025-09-04 22:45,11619983,11619860,11619983,11619697,48077,1495653730,0.0,0.0,-123.0,0.0
螺纹钢2601,rb2601,2025-09-04 23:00,11619820,11619983,11620024,11619738,32521,1012497670,0.0,0.0,123.0,0.0
螺纹钢2601,rb2601,2025-09-05 09:15,11620024,11619860,11620065,11619779,44516,1385772970,0.0,0.0,-123.0,0.0
螺纹钢2601,rb2601,2025-09-05 09:30,11619860,11619901,11619983,11619738,24447,760718300,0.0,0.0,41.0,0.0
螺纹钢2601,rb2601,2025-09-05 09:45,11619860,11619656,11619942,11619574,37322,1160667020,0.0,0.0,-245.0,0.0
螺纹钢2601,rb2601,2025-09-05 10:00,11619615,11619492,11619779,11619451,51027,1585009260,0.0,0.0,-164.0,0.0
螺纹钢2601,rb2601,2025-09-05 10:15,11619492,11619492,11619615,11619369,45063,1398086020,0.0,0.0,0.0,0.0
螺纹钢2601,rb2601,2025-09-05 10:45,11619533,11619533,11619779,11619451,48184,1496803710,0.0,0.0,41.0,0.0
螺纹钢2601,rb2601,2025-09-05 11:00,11619533,11619656,11619738,11619451,24684,766352470,0.0,0.0,123.0,0.0
螺纹钢2601,rb2601,2025-09-05 11:15,11619656,11619738,11619779,11619533,27962,868826830,0.0,0.0,82.0,0.0
螺纹钢2601,rb2601,2025-09-05 11:30,11619738,11620352,11620393,11619574,97100,3026565010,0.01,0.01,614.0,0.0
螺纹钢2601,rb2601,2025-09-05 13:45,11620393,11620762,11620966,11620393,174723,5473367910,0.0,0.0,410.0,0.0
螺纹钢2601,rb2601,2025-09-05 14:00,11620762,11620966,11621171,11620762,109369,3434385710,0.0,0.0,204.0,0.0
螺纹钢2601,rb2601,2025-09-05 14:15,11621007,11621171,11621417,11620966,150946,4747852050,0.0,0.0,205.0,0.0
螺纹钢2601,rb2601,2025-09-05 14:30,11621171,11621376,11621499,11621130,79492,2501264750,0.0,0.0,205.0,0.0
螺纹钢2601,rb2601,2025-09-05 14:45,11621335,11621212,11621540,11621171,74594,2348351230,0.0,0.0,-164.0,0.0
螺纹钢2601,rb2601,2025-09-05 15:00,11621212,11621130,11621253,11620884,102412,3217374990,0.0,0.0,-82.0,0.0
螺纹钢2601,rb2601,2025-09-05 21:15,11621253,11620844,11621458,11620762,120364,3781911510,0.01,0.0,-286.0,0.0
螺纹钢2601,rb2601,2025-09-05 21:30,11620844,11620639,11620844,11620557,70739,2215433320,0.0,0.0,-205.0,0.0
螺纹钢2601,rb2601,2025-09-05 21:45,11620639,11620762,11620803,11620598,30358,951016380,0.0,0.0,123.0,0.0
螺纹钢2601,rb2601,2025-09-05 22:00,11620762,11620516,11620762,11620434,38706,1211116280,0.0,0.0,-246.0,0.0
螺纹钢2601,rb2601,2025-09-05 22:15,11620557,11620434,11620598,11620393,30838,964532270,0.0,0.0,-82.0,0.0
螺纹钢2601,rb2601,2025-09-05 22:30,11620475,11620270,11620475,11620188,59122,1846496460,0.0,0.0,-164.0,0.0
螺纹钢2601,rb2601,2025-09-05 22:45,11620270,11620065,11620311,11619942,66234,2065120810,0.0,0.0,-205.0,0.0
螺纹钢2601,rb2601,2025-09-05 23:00,11620065,11620188,11620270,11619983,56035,1747768930,0.0,0.0,123.0,0.0
螺纹钢2601,rb2601,2025-09-08 09:15,11620106,11619942,11620188,11619779,129315,4028446750,0.0,0.0,-246.0,0.0
螺纹钢2601,rb2601,2025-09-08 09:30,11619942,11619697,11619942,11619615,72785,2262500910,0.0,0.0,-245.0,0.0
螺纹钢2601,rb2601,2025-09-08 09:45,11619656,11619820,11619860,11619615,51044,1587464040,0.0,0.0,123.0,0.0
螺纹钢2601,rb2601,2025-09-08 10:00,11619820,11619738,11619942,11619697,36925,1148856760,0.0,0.0,-82.0,0.0
螺纹钢2601,rb2601,2025-09-08 10:15,11619779,11619942,11620024,11619738,38124,1186835820,0.0,0.0,204.0,0.0
螺纹钢2601,rb2601,2025-09-08 10:45,11619942,11620024,11620106,11619901,30445,948477750,0.0,0.0,82.0,0.0
螺纹钢2601,rb2601,2025-09-08 11:00,11620024,11620188,11620311,11619983,48184,1503496710,0.0,0.0,164.0,0.0
螺纹钢2601,rb2601,2025-09-08 11:15,11620188,11620106,11620229,11620024,35824,1117047850,0.0,0.0,-82.0,0.0
螺纹钢2601,rb2601,2025-09-08 11:30,11620106,11620311,11620352,11619983,30359,947127170,0.0,0.0,205.0,0.0
螺纹钢2601,rb2601,2025-09-08 13:45,11620311,11620639,11620762,11620065,98324,3074424210,0.01,0.0,328.0,0.0
螺纹钢2601,rb2601,2025-09-08 14:00,11620639,11620475,11620721,11620475,41835,1309268620,0.0,0.0,-164.0,0.0
螺纹钢2601,rb2601,2025-09-08 14:15,11620475,11620516,11620639,11620434,31437,983488790,0.0,0.0,41.0,0.0
螺纹钢2601,rb2601,2025-09-08 14:30,11620557,11620352,11620680,11620311,48123,1504593690,0.0,0.0,-164.0,0.0
螺纹钢2601,rb2601,2025-09-08 14:45,11620352,11620393,11620516,11620229,33899,1059336580,0.0,0.0,41.0,0.0
螺纹钢2601,rb2601,2025-09-08 15:00,11620393,11620680,11620721,11620393,58934,1844746820,0.0,0.0,287.0,0.0
螺纹钢2601,rb2601,2025-09-08 21:15,11620925,11620598,11620925,11620393,79158,2477911330,0.0,0.0,-82.0,0.0
螺纹钢2601,rb2601,2025-09-08 21:30,11620598,11620762,11620762,11620557,25370,794426480,0.0,0.0,164.0,0.0
螺纹钢2601,rb2601,2025-09-08 21:45,11620762,11620639,11620762,11620557,24774,775745040,0.0,0.0,-123.0,0.0
螺纹钢2601,rb2601,2025-09-08 22:00,11620598,11620393,11620639,11620393,24985,781303680,0.0,0.0,-246.0,0.0
螺纹钢2601,rb2601,2025-09-08 22:15,11620434,11620434,11620475,11620311,22708,709632990,0.0,0.0,41.0,0.0
螺纹钢2601,rb2601,2025-09-08 22:30,11620475,11620434,11620516,11620393,11579,362017790,0.0,0.0,0.0,0.0
螺纹钢2601,rb2601,2025-09-08 22:45,11620434,11620475,11620516,11620352,14153,442421990,0.0,0.0,41.0,0.0
螺纹钢2601,rb2601,2025-09-08 23:00,11620475,11620393,11620516,11620393,20286,634129320,0.0,0.0,-82.0,0.0
螺纹钢2601,rb2601,2025-09-09 09:15,11620475,11620270,11620475,11620065,63308,1976154200,0.0,0.0,-123.0,0.0
螺纹钢2601,rb2601,2025-09-09 09:30,11620270,11620147,11620393,11620106,26083,813963860,0.0,0.0,-123.0,0.0
螺纹钢2601,rb2601,2025-09-09 09:45,11620106,11620680,11620680,11620106,46005,1438028650,0.0,0.0,533.0,0.0
螺纹钢2601,rb2601,2025-09-09 10:00,11620639,11621376,11621417,11620598,182045,5719677820,0.01,0.01,696.0,0.0
螺纹钢2601,rb2601,2025-09-09 10:15,11621376,11621130,11621499,11621130,106630,3355818540,0.0,0.0,-246.0,0.0
螺纹钢2601,rb2601,2025-09-09 10:45,11621130,11621253,11621458,11621130,59207,1863286940,0.0,0.0,123.0,0.0
螺纹钢2601,rb2601,2025-09-09 11:00,11621253,11621294,11621458,11621130,55171,1736386730,0.0,0.0,41.0,0.0
螺纹钢2601,rb2601,2025-09-09 11:15,11621294,11620762,11621458,11620721,109656,3444962100,0.01,0.0,-532.0,0.0
螺纹钢2601,rb2601,2025-09-09 11:30,11620721,11620516,11620844,11620311,105627,3306409280,0.0,0.0,-246.0,0.0
螺纹钢2601,rb2601,2025-09-09 13:45,11620434,11620188,11620639,11620188,84411,2638217180,0.0,0.0,-328.0,0.0
螺纹钢2601,rb2601,2025-09-09 14:00,11620188,11620434,11620434,11619983,81787,2551823900,0.0,0.0,246.0,0.0
螺纹钢2601,rb2601,2025-09-09 14:15,11620393,11620516,11620557,11620311,41788,1306621230,0.0,0.0,82.0,0.0
螺纹钢2601,rb2601,2025-09-09 14:30,11620475,11620311,11620598,11620270,40218,1257163060,0.0,0.0,-205.0,0.0
螺纹钢2601,rb2601,2025-09-09 14:45,11620352,11620352,11620352,11620147,55405,1729147270,0.0,0.0,41.0,0.0
螺纹钢2601,rb2601,2025-09-09 15:00,11620352,11620311,11620475,11620229,49005,1530826560,0.0,0.0,-41.0,0.0
螺纹钢2601,rb2601,2025-09-09 21:15,11619983,11619246,11620024,11619164,240263,7463260530,0.01,-0.01,-1065.0,0.0
螺纹钢2601,rb2601,2025-09-09 21:30,11619246,11619123,11619328,11619041,100685,3116710450,0.0,0.0,-123.0,0.0
螺纹钢2601,rb2601,2025-09-09 21:45,11619164,11619328,11619369,11619123,49616,1537154810,0.0,0.0,205.0,0.0
螺纹钢2601,rb2601,2025-09-09 22:00,11619328,11619205,11619369,11619164,35949,1113486760,0.0,0.0,-123.0,0.0
螺纹钢2601,rb2601,2025-09-09 22:15,11619205,11619451,11619656,11619123,67029,2078714770,0.0,0.0,246.0,0.0
螺纹钢2601,rb2601,2025-09-09 22:30,11619451,11619492,11619574,11619410,20775,644688130,0.0,0.0,41.0,0.0
螺纹钢2601,rb2601,2025-09-09 22:45,11619492,11619328,11619656,11619328,36201,1123364260,0.0,0.0,-164.0,0.0
螺纹钢2601,rb2601,2025-09-09 23:00,11619369,11619246,11619410,11619205,31579,978246000,0.0,0.0,-82.0,0.0
螺纹钢2601,rb2601,2025-09-10 09:15,11619164,11619328,11619410,11619123,54019,1673340260,0.0,0.0,82.0,0.0
螺纹钢2601,rb2601,2025-09-10 09:30,11619328,11619451,11619492,11619246,24242,751500820,0.0,0.0,123.0,0.0
螺纹钢2601,rb2601,2025-09-10 09:45,11619451,11619738,11619901,11619410,61954,1925549700,0.0,0.0,287.0,0.0
螺纹钢2601,rb2601,2025-09-10 10:00,11619738,11619901,11619942,11619738,44861,1396075520,0.0,0.0,163.0,0.0
螺纹钢2601,rb2601,2025-09-10 10:15,11619901,11619820,11620024,11619779,39360,1225425250,0.0,0.0,-81.0,0.0
螺纹钢2601,rb2601,2025-09-10 10:45,11619779,11620229,11620311,11619697,94542,2948283190,0.01,0.0,409.0,0.0
螺纹钢2601,rb2601,2025-09-10 11:00,11620229,11620352,11620434,11620188,53679,1676428140,0.0,0.0,123.0,0.0
螺纹钢2601,rb2601,2025-09-10 11:15,11620352,11620311,11620393,11620229,26569,829742560,0.0,0.0,-41.0,0.0
螺纹钢2601,rb2601,2025-09-10 11:30,11620270,11620229,11620434,11620229,35479,1108191400,0.0,0.0,-82.0,0.0
螺纹钢2601,rb2601,2025-09-10 13:45,11620311,11620106,11620352,11619942,56755,1769821250,0.0,0.0,-123.0,0.0
螺纹钢2601,rb2601,2025-09-10 14:00,11620065,11620065,11620311,11620065,29603,923618330,0.0,0.0,-41.0,0.0
螺纹钢2601,rb2601,2025-09-10 14:15,11620106,11619983,11620147,11619942,29538,920284640,0.0,0.0,-82.0,0.0
螺纹钢2601,rb2601,2025-09-10 14:30,11620024,11620106,11620270,11619983,23708,739481380,0.0,0.0,123.0,0.0
螺纹钢2601,rb2601,2025-09-10 14:45,11620106,11619901,11620147,11619820,42498,1323323220,0.0,0.0,-205.0,0.0
螺纹钢2601,rb2601,2025-09-10 15:00,11619860,11619738,11619901,11619656,65645,2040889150,0.0,0.0,-163.0,0.0
螺纹钢2601,rb2601,2025-09-10 21:15,11619779,11619738,11619942,11619492,105796,3289090300,0.0,0.0,0.0,0.0
螺纹钢2601,rb2601,2025-09-10 21:30,11619738,11619697,11619820,11619615,35770,1111937840,0.0,0.0,-41.0,0.0
螺纹钢2601,rb2601,2025-09-10 21:45,11619697,11619779,11619820,11619656,18709,581757650,0.0,0.0,82.0,0.0
螺纹钢2601,rb2601,2025-09-10 22:00,11619738,11619615,11619820,11619574,31196,969248280,0.0,0.0,-164.0,0.0
螺纹钢2601,rb2601,2025-09-10 22:15,11619656,11619615,11619779,11619533,27340,849517100,0.0,0.0,0.0,0.0
螺纹钢2601,rb2601,2025-09-10 22:30,11619574,11619615,11619697,11619574,14967,464891560,0.0,0.0,0.0,0.0
螺纹钢2601,rb2601,2025-09-10 22:45,11619615,11619738,11619779,11619574,19792,615194420,0.0,0.0,123.0,0.0
螺纹钢2601,rb2601,2025-09-10 23:00,11619738,11619983,11620106,11619656,58354,1817112730,0.0,0.0,245.0,0.0
螺纹钢2601,rb2601,2025-09-11 09:15,11620024,11619901,11620147,11619738,84058,2616868340,0.0,0.0,-82.0,0.0
螺纹钢2601,rb2601,2025-09-11 09:30,11619901,11619942,11619942,11619779,26999,840085160,0.0,0.0,41.0,0.0
螺纹钢2601,rb2601,2025-09-11 09:45,11619942,11619656,11619942,11619615,36362,1130298110,0.0,0.0,-286.0,0.0
螺纹钢2601,rb2601,2025-09-11 10:00,11619656,11619697,11619820,11619574,41792,1298433820,0.0,0.0,41.0,0.0
螺纹钢2601,rb2601,2025-09-11 10:15,11619697,11619656,11619860,11619574,47723,1483277590,0.0,0.0,-41.0,0.0
螺纹钢2601,rb2601,2025-09-11 10:45,11619697,11619205,11619860,11619123,124700,3866463050,0.01,0.0,-451.0,0.0
螺纹钢2601,rb2601,2025-09-11 11:00,11619205,11619246,11619328,11619041,84242,2607457360,0.0,0.0,41.0,0.0
螺纹钢2601,rb2601,2025-09-11 11:15,11619246,11619369,11619615,11619246,77030,2389487750,0.0,0.0,123.0,0.0
螺纹钢2601,rb2601,2025-09-11 11:30,11619410,11618796,11619492,11618755,106127,3282783870,0.01,0.0,-573.0,0.0
螺纹钢2601,rb2601,2025-09-11 13:45,11618755,11618918,11619246,11618632,136684,4224740410,0.01,0.0,122.0,0.0
螺纹钢2601,rb2601,2025-09-11 14:00,11618918,11618877,11619123,11618796,55652,1719396490,0.0,0.0,-41.0,0.0
螺纹钢2601,rb2601,2025-09-11 14:15,11618877,11619082,11619164,11618877,54792,1694142830,0.0,0.0,205.0,0.0
螺纹钢2601,rb2601,2025-09-11 14:30,11619082,11619451,11619492,11618959,93957,2911420720,0.0,0.0,369.0,0.0
螺纹钢2601,rb2601,2025-09-11 14:45,11619451,11619492,11619820,11619410,132916,4128309720,0.0,0.0,41.0,0.0
螺纹钢2601,rb2601,2025-09-11 15:00,11619451,11619041,11619492,11618877,127852,3955554080,0.01,0.0,-451.0,0.0
螺纹钢2601,rb2601,2025-09-11 21:15,11619041,11618468,11619082,11618468,172289,5312459930,0.01,0.0,-573.0,0.0
螺纹钢2601,rb2601,2025-09-11 21:30,11618468,11618509,11618673,11618468,51733,1593803750,0.0,0.0,41.0,0.0
螺纹钢2601,rb2601,2025-09-11 21:45,11618509,11618550,11618591,11618345,54734,1684525030,0.0,0.0,41.0,0.0
螺纹钢2601,rb2601,2025-09-11 22:00,11618550,11618755,11618836,11618468,53214,1640514980,0.0,0.0,205.0,0.0
螺纹钢2601,rb2601,2025-09-11 22:15,11618755,11618673,11618836,11618632,35960,1109208180,0.0,0.0,-82.0,0.0
螺纹钢2601,rb2601,2025-09-11 22:30,11618673,11618796,11618836,11618673,26202,808356730,0.0,0.0,123.0,0.0
螺纹钢2601,rb2601,2025-09-11 22:45,11618755,11618673,11618877,11618632,34293,1057989320,0.0,0.0,-123.0,0.0
螺纹钢2601,rb2601,2025-09-11 23:00,11618632,11618755,11618836,11618632,36435,1123819840,0.0,0.0,82.0,0.0
螺纹钢2601,rb2601,2025-09-12 09:15,11618755,11618836,11618918,11618673,51567,1591417780,0.0,0.0,81.0,0.0
螺纹钢2601,rb2601,2025-09-12 09:30,11618836,11618755,11618918,11618714,28085,866929140,0.0,0.0,-81.0,0.0
螺纹钢2601,rb2601,2025-09-12 09:45,11618796,11618755,11618877,11618632,32281,995801150,0.0,0.0,0.0,0.0
螺纹钢2601,rb2601,2025-09-12 10:00,11618755,11618632,11618796,11618591,24295,748994610,0.0,0.0,-123.0,0.0
螺纹钢2601,rb2601,2025-09-12 10:15,11618632,11618796,11618796,11618550,35276,1087594720,0.0,0.0,164.0,0.0
螺纹钢2601,rb2601,2025-09-12 10:45,11618796,11618918,11619287,11618796,106482,3293840600,0.0,0.0,122.0,0.0
螺纹钢2601,rb2601,2025-09-12 11:00,11618959,11619000,11619246,11618918,48153,1489011450,0.0,0.0,82.0,0.0
螺纹钢2601,rb2601,2025-09-12 11:15,11619000,11619942,11620024,11618959,228465,7097603830,0.01,0.01,942.0,0.0
螺纹钢2601,rb2601,2025-09-12 11:30,11619942,11620844,11620884,11619942,423512,13248207730,0.01,0.01,902.0,0.0
螺纹钢2601,rb2601,2025-09-12 13:45,11620762,11620434,11620803,11620311,153506,4800523840,0.0,0.0,-410.0,0.0
螺纹钢2601,rb2601,2025-09-12 14:00,11620393,11620147,11620598,11620147,77925,2434666460,0.0,0.0,-287.0,0.0
螺纹钢2601,rb2601,2025-09-12 14:15,11620188,11619860,11620188,11619697,157131,4891304360,0.0,0.0,-287.0,0.0
螺纹钢2601,rb2601,2025-09-12 14:30,11619901,11620065,11620188,11619820,80798,2517552460,0.0,0.0,205.0,0.0
螺纹钢2601,rb2601,2025-09-12 14:45,11620106,11620188,11620352,11620065,63909,1994037520,0.0,0.0,123.0,0.0
螺纹钢2601,rb2601,2025-09-12 15:00,11620147,11620475,11620598,11620106,132456,4140694740,0.0,0.0,287.0,0.0
螺纹钢2601,rb2601,2025-09-12 21:15,11620475,11620516,11620639,11620352,121184,3789452140,0.0,0.0,41.0,0.0
螺纹钢2601,rb2601,2025-09-12 21:30,11620516,11620434,11620557,11620393,33450,1045826730,0.0,0.0,-82.0,0.0
螺纹钢2601,rb2601,2025-09-12 21:45,11620475,11620721,11620762,11620393,44014,1377189090,0.0,0.0,287.0,0.0
螺纹钢2601,rb2601,2025-09-12 22:00,11620721,11620639,11620721,11620557,30743,962586480,0.0,0.0,-82.0,0.0
螺纹钢2601,rb2601,2025-09-12 22:15,11620680,11620516,11620762,11620516,33385,1045028830,0.0,0.0,-123.0,0.0
螺纹钢2601,rb2601,2025-09-12 22:30,11620516,11620557,11620680,11620434,30717,961203090,0.0,0.0,41.0,0.0
螺纹钢2601,rb2601,2025-09-12 22:45,11620598,11620434,11620639,11620434,21144,661326550,0.0,0.0,-123.0,0.0
螺纹钢2601,rb2601,2025-09-12 23:00,11620434,11620188,11620475,11620065,77952,2433276710,0.0,0.0,-246.0,0.0
螺纹钢2601,rb2601,2025-09-15 09:15,11620147,11620065,11620557,11619779,143459,4477141850,0.01,0.0,-123.0,0.0
螺纹钢2601,rb2601,2025-09-15 09:30,11620106,11620147,11620229,11620065,50534,1575999900,0.0,0.0,82.0,0.0
螺纹钢2601,rb2601,2025-09-15 09:45,11620147,11620352,11620475,11620106,51432,1606636500,0.0,0.0,205.0,0.0
螺纹钢2601,rb2601,2025-09-15 10:00,11620352,11620352,11620352,11620188,21488,670849470,0.0,0.0,0.0,0.0
螺纹钢2601,rb2601,2025-09-15 10:15,11620352,11619983,11620393,11619820,97675,3043802040,0.0,0.0,-369.0,0.0
螺纹钢2601,rb2601,2025-09-15 10:45,11619983,11620106,11620270,11619942,54137,1688156570,0.0,0.0,123.0,0.0
螺纹钢2601,rb2601,2025-09-15 11:00,11620106,11620311,11620311,11620106,27494,858159630,0.0,0.0,205.0,0.0
螺纹钢2601,rb2601,2025-09-15 11:15,11620311,11620516,11620680,11620311,88791,2777480220,0.0,0.0,205.0,0.0
螺纹钢2601,rb2601,2025-09-15 11:30,11620557,11620884,11621171,11620516,149590,4691226290,0.01,0.0,368.0,0.0
螺纹钢2601,rb2601,2025-09-15 13:45,11620844,11620884,11621089,11620721,84791,2660643670,0.0,0.0,0.0,0.0
螺纹钢2601,rb2601,2025-09-15 14:00,11620925,11620844,11620966,11620762,38105,1195112940,0.0,0.0,-40.0,0.0
螺纹钢2601,rb2601,2025-09-15 14:15,11620884,11620434,11620925,11620352,84372,2641042800,0.0,0.0,-410.0,0.0
螺纹钢2601,rb2601,2025-09-15 14:30,11620434,11620516,11620680,11620229,86058,2689403560,0.0,0.0,82.0,0.0
螺纹钢2601,rb2601,2025-09-15 14:45,11620516,11620639,11620721,11620475,37171,1163760100,0.0,0.0,123.0,0.0
螺纹钢2601,rb2601,2025-09-15 15:00,11620639,11620844,11620844,11620639,63327,1984699250,0.0,0.0,205.0,0.0
螺纹钢2601,rb2601,2025-09-15 21:15,11621417,11622318,11622359,11621171,392554,12399016110,0.01,0.01,1474.0,0.0
螺纹钢2601,rb2601,2025-09-15 21:30,11622277,11622400,11622564,11622236,140579,4462094330,0.0,0.0,82.0,0.0
螺纹钢2601,rb2601,2025-09-15 21:45,11622400,11622236,11622482,11622154,76486,2426075900,0.0,0.0,-164.0,0.0
螺纹钢2601,rb2601,2025-09-15 22:00,11622236,11622400,11622441,11622195,49890,1582707450,0.0,0.0,164.0,0.0
螺纹钢2601,rb2601,2025-09-15 22:15,11622359,11622400,11622441,11622236,29845,946768330,0.0,0.0,0.0,0.0
螺纹钢2601,rb2601,2025-09-15 22:30,11622359,11622400,11622564,11622359,47176,1497925000,0.0,0.0,0.0,0.0
螺纹钢2601,rb2601,2025-09-15 22:45,11622441,11622318,11622482,11622236,32221,1022508400,0.0,0.0,-82.0,0.0
螺纹钢2601,rb2601,2025-09-15 23:00,11622318,11622441,11622523,11622277,51876,1646871880,0.0,0.0,123.0,0.0
螺纹钢2601,rb2601,2025-09-16 09:15,11622441,11622113,11622523,11621908,151921,4810823890,0.01,0.0,-328.0,0.0
螺纹钢2601,rb2601,2025-09-16 09:30,11622113,11621949,11622195,11621868,52710,1668437170,0.0,0.0,-164.0,0.0
螺纹钢2601,rb2601,2025-09-16 09:45,11621949,11621868,11622031,11621745,58312,1843652970,0.0,0.0,-81.0,0.0
螺纹钢2601,rb2601,2025-09-16 10:00,11621868,11621868,11621949,11621704,59152,1869181140,0.0,0.0,0.0,0.0
螺纹钢2601,rb2601,2025-09-16 10:15,11621868,11622482,11622605,11621786,160927,5101638620,0.01,0.01,614.0,0.0
螺纹钢2601,rb2601,2025-09-16 10:45,11622523,11622277,11622646,11622195,131944,4189011970,0.0,0.0,-205.0,0.0
螺纹钢2601,rb2601,2025-09-16 11:00,11622277,11621827,11622318,11621786,88252,2793793360,0.0,0.0,-450.0,0.0
螺纹钢2601,rb2601,2025-09-16 11:15,11621786,11621704,11621949,11621581,123164,3890574880,0.0,0.0,-123.0,0.0
螺纹钢2601,rb2601,2025-09-16 11:30,11621663,11621908,11621949,11621663,60367,1907577170,0.0,0.0,204.0,0.0
螺纹钢2601,rb2601,2025-09-16 13:45,11621949,11622072,11622072,11621786,44224,1398507920,0.0,0.0,164.0,0.0
螺纹钢2601,rb2601,2025-09-16 14:00,11622072,11622154,11622195,11622031,36792,1165105830,0.0,0.0,82.0,0.0
螺纹钢2601,rb2601,2025-09-16 14:15,11622113,11622195,11622359,11622072,63494,2012371960,0.0,0.0,41.0,0.0
螺纹钢2601,rb2601,2025-09-16 14:30,11622154,11622113,11622236,11622031,30607,969482720,0.0,0.0,-82.0,0.0
螺纹钢2601,rb2601,2025-09-16 14:45,11622113,11622236,11622318,11622113,33127,1050076730,0.0,0.0,123.0,0.0
螺纹钢2601,rb2601,2025-09-16 15:00,11622236,11622072,11622277,11622072,49736,1575192730,0.0,0.0,-164.0,0.0
螺纹钢2601,rb2601,2025-09-16 21:15,11622154,11621745,11622236,11621622,118398,3743714360,0.01,0.0,-327.0,0.0
螺纹钢2601,rb2601,2025-09-16 21:30,11621745,11621581,11621827,11621458,88552,2793926870,0.0,0.0,-164.0,0.0
螺纹钢2601,rb2601,2025-09-16 21:45,11621581,11621704,11621786,11621540,41439,1307876110,0.0,0.0,123.0,0.0
螺纹钢2601,rb2601,2025-09-16 22:00,11621704,11621540,11621786,11621458,45201,1426024830,0.0,0.0,-164.0,0.0
螺纹钢2601,rb2601,2025-09-16 22:15,11621499,11621376,11621581,11621335,59789,1883760310,0.0,0.0,-164.0,0.0
螺纹钢2601,rb2601,2025-09-16 22:30,11621417,11621458,11621499,11621335,37494,1181444000,0.0,0.0,82.0,0.0
螺纹钢2601,rb2601,2025-09-16 22:45,11621458,11621540,11621663,11621376,39066,1231475100,0.0,0.0,82.0,0.0
螺纹钢2601,rb2601,2025-09-16 23:00,11621540,11621458,11621663,11621458,34935,1101671110,0.0,0.0,-82.0,0.0
螺纹钢2601,rb2601,2025-09-17 09:15,11621458,11621376,11621581,11621171,92549,2913882570,0.0,0.0,-82.0,0.0
螺纹钢2601,rb2601,2025-09-17 09:30,11621376,11621253,11621458,11621253,38023,1197063060,0.0,0.0,-123.0,0.0
螺纹钢2601,rb2601,2025-09-17 09:45,11621253,11621458,11621540,11621253,41827,1317474230,0.0,0.0,205.0,0.0
螺纹钢2601,rb2601,2025-09-17 10:00,11621458,11621417,11621581,11621376,33014,1040424860,0.0,0.0,-41.0,0.0
螺纹钢2601,rb2601,2025-09-17 10:15,11621417,11621253,11621540,11621048,74589,2345869700,0.0,0.0,-164.0,0.0
螺纹钢2601,rb2601,2025-09-17 10:45,11621212,11621294,11621458,11621171,34727,1093300580,0.0,0.0,41.0,0.0
螺纹钢2601,rb2601,2025-09-17 11:00,11621294,11621499,11621622,11621253,46018,1450306300,0.0,0.0,205.0,0.0
螺纹钢2601,rb2601,2025-09-17 11:15,11621540,11621745,11621786,11621499,46993,1482576640,0.0,0.0,246.0,0.0
螺纹钢2601,rb2601,2025-09-17 11:30,11621745,11621663,11621868,11621622,55748,1760505820,0.0,0.0,-82.0,0.0
螺纹钢2601,rb2601,2025-09-17 13:45,11621663,11621868,11621868,11621622,46070,1455198390,0.0,0.0,205.0,0.0
螺纹钢2601,rb2601,2025-09-17 14:00,11621868,11621868,11622072,11621745,67413,2132076380,0.0,0.0,0.0,0.0
螺纹钢2601,rb2601,2025-09-17 14:15,11621908,11621908,11621990,11621786,27631,873618770,0.0,0.0,40.0,0.0
螺纹钢2601,rb2601,2025-09-17 14:30,11621908,11621786,11621908,11621581,63239,1996540260,0.0,0.0,-122.0,0.0
螺纹钢2601,rb2601,2025-09-17 14:45,11621786,11621908,11621949,11621745,28306,894649640,0.0,0.0,122.0,0.0
螺纹钢2601,rb2601,2025-09-17 15:00,11621868,11622154,11622195,11621827,81073,2566667770,0.0,0.0,246.0,0.0
螺纹钢2601,rb2601,2025-09-17 21:15,11622072,11621990,11622482,11621827,147557,4673645620,0.01,0.0,-164.0,0.0
螺纹钢2601,rb2601,2025-09-17 21:30,11622031,11622072,11622236,11621990,36240,1147824740,0.0,0.0,82.0,0.0
螺纹钢2601,rb2601,2025-09-17 21:45,11622072,11622236,11622236,11621990,34165,1082163380,0.0,0.0,164.0,0.0
螺纹钢2601,rb2601,2025-09-17 22:00,11622236,11622236,11622400,11622154,55143,1748723520,0.0,0.0,0.0,0.0
螺纹钢2601,rb2601,2025-09-17 22:15,11622236,11622195,11622277,11622154,22593,716079210,0.0,0.0,-41.0,0.0
螺纹钢2601,rb2601,2025-09-17 22:30,11622195,11622072,11622195,11622072,24327,770593670,0.0,0.0,-123.0,0.0
螺纹钢2601,rb2601,2025-09-17 22:45,11622072,11622154,11622236,11621990,33369,1056623100,0.0,0.0,82.0,0.0
螺纹钢2601,rb2601,2025-09-17 23:00,11622154,11622195,11622277,11622072,40863,1294754760,0.0,0.0,41.0,0.0
螺纹钢2601,rb2601,2025-09-18 09:15,11622031,11621704,11622031,11621581,132349,4179959760,0.0,0.0,-491.0,0.0
螺纹钢2601,rb2601,2025-09-18 09:30,11621704,11621704,11621827,11621663,30663,968328350,0.0,0.0,0.0,0.0
螺纹钢2601,rb2601,2025-09-18 09:45,11621704,11621745,11621949,11621663,46937,1482865880,0.0,0.0,41.0,0.0
螺纹钢2601,rb2601,2025-09-18 10:00,11621745,11621868,11621949,11621663,39817,1258171360,0.0,0.0,123.0,0.0
螺纹钢2601,rb2601,2025-09-18 10:15,11621827,11621335,11621868,11621294,102504,3232897110,0.0,0.0,-533.0,0.0
螺纹钢2601,rb2601,2025-09-18 10:45,11621335,11620803,11621458,11620762,201556,6328028340,0.01,0.0,-532.0,0.0
螺纹钢2601,rb2601,2025-09-18 11:00,11620803,11621130,11621130,11620762,79948,2509279430,0.0,0.0,327.0,0.0
螺纹钢2601,rb2601,2025-09-18 11:15,11621089,11620844,11621130,11620844,38284,1201970800,0.0,0.0,-286.0,0.0
螺纹钢2601,rb2601,2025-09-18 11:30,11620884,11620803,11620925,11620311,145516,4555513070,0.01,0.0,-41.0,0.0
螺纹钢2601,rb2601,2025-09-18 13:45,11620803,11621007,11621294,11620762,157043,4932981640,0.0,0.0,204.0,0.0
螺纹钢2601,rb2601,2025-09-18 14:00,11620966,11621007,11621335,11620884,81617,2564839360,0.0,0.0,0.0,0.0
螺纹钢2601,rb2601,2025-09-18 14:15,11621048,11620884,11621048,11620762,75339,2363694360,0.0,0.0,-123.0,0.0
螺纹钢2601,rb2601,2025-09-18 14:30,11620925,11621089,11621130,11620680,64639,2028956110,0.0,0.0,205.0,0.0
螺纹钢2601,rb2601,2025-09-18 14:45,11621089,11621130,11621253,11620925,67482,2121073260,0.0,0.0,41.0,0.0
螺纹钢2601,rb2601,2025-09-18 15:00,11621130,11621294,11621376,11621130,69767,2194922990,0.0,0.0,164.0,0.0
螺纹钢2601,rb2601,2025-09-18 21:15,11621171,11621540,11621704,11621171,126827,3997013310,0.0,0.0,246.0,0.0
螺纹钢2601,rb2601,2025-09-18 21:30,11621499,11621417,11621622,11621376,43661,1376034490,0.0,0.0,-123.0,0.0
螺纹钢2601,rb2601,2025-09-18 21:45,11621417,11621294,11621581,11621253,46604,1468015920,0.0,0.0,-123.0,0.0
螺纹钢2601,rb2601,2025-09-18 22:00,11621294,11621458,11621458,11621212,26276,827247360,0.0,0.0,164.0,0.0
螺纹钢2601,rb2601,2025-09-18 22:15,11621458,11621581,11621663,11621376,47033,1483320620,0.0,0.0,123.0,0.0
螺纹钢2601,rb2601,2025-09-18 22:30,11621581,11621458,11621622,11621458,17954,566116090,0.0,0.0,-123.0,0.0
螺纹钢2601,rb2601,2025-09-18 22:45,11621458,11621212,11621499,11621048,58239,1832064240,0.0,0.0,-246.0,0.0
螺纹钢2601,rb2601,2025-09-18 23:00,11621171,11621253,11621335,11621130,36015,1132754810,0.0,0.0,41.0,0.0
螺纹钢2601,rb2601,2025-09-19 09:15,11621253,11621458,11621499,11621212,44894,1413810680,0.0,0.0,205.0,0.0
螺纹钢2601,rb2601,2025-09-19 09:30,11621417,11621745,11621827,11621417,70114,2212791550,0.0,0.0,287.0,0.0
螺纹钢2601,rb2601,2025-09-19 09:45,11621745,11621745,11621827,11621663,41942,1324374430,0.0,0.0,0.0,0.0
螺纹钢2601,rb2601,2025-09-19 10:00,11621704,11621540,11621786,11621540,31436,992054460,0.0,0.0,-205.0,0.0
螺纹钢2601,rb2601,2025-09-19 10:15,11621581,11621745,11621786,11621540,32726,1032941220,0.0,0.0,205.0,0.0
螺纹钢2601,rb2601,2025-09-19 10:45,11621786,11621827,11622031,11621745,79738,2522100580,0.0,0.0,82.0,0.0
螺纹钢2601,rb2601,2025-09-19 11:00,11621827,11621908,11622031,11621745,39454,1247286660,0.0,0.0,81.0,0.0
螺纹钢2601,rb2601,2025-09-19 11:15,11621908,11622031,11622113,11621908,60547,1916095140,0.0,0.0,123.0,0.0
螺纹钢2601,rb2601,2025-09-19 11:30,11622031,11621827,11622113,11621786,42408,1341156640,0.0,0.0,-204.0,0.0
螺纹钢2601,rb2601,2025-09-19 13:45,11621786,11621786,11621990,11621663,53702,1696471880,0.0,0.0,-41.0,0.0
螺纹钢2601,rb2601,2025-09-19 14:00,11621745,11622031,11622195,11621704,62676,1983734120,0.0,0.0,245.0,0.0
螺纹钢2601,rb2601,2025-09-19 14:15,11622031,11622277,11622441,11621990,103588,3284219410,0.0,0.0,246.0,0.0
螺纹钢2601,rb2601,2025-09-19 14:30,11622236,11622359,11622359,11622154,36213,1148124130,0.0,0.0,82.0,0.0
螺纹钢2601,rb2601,2025-09-19 14:45,11622318,11622113,11622441,11622072,68531,2172822330,0.0,0.0,-246.0,0.0
螺纹钢2601,rb2601,2025-09-19 15:00,11622113,11622318,11622359,11621949,80013,2533936230,0.0,0.0,205.0,0.0
螺纹钢2601,rb2601,2025-09-19 21:15,11622318,11622892,11623219,11622277,273293,8707088440,0.01,0.0,574.0,0.0
螺纹钢2601,rb2601,2025-09-19 21:30,11622851,11623055,11623096,11622851,73648,2348830100,0.0,0.0,163.0,0.0
螺纹钢2601,rb2601,2025-09-19 21:45,11623055,11622932,11623055,11622892,33801,1077618680,0.0,0.0,-123.0,0.0
螺纹钢2601,rb2601,2025-09-19 22:00,11622973,11622810,11623014,11622769,39248,1250508780,0.0,0.0,-122.0,0.0
螺纹钢2601,rb2601,2025-09-19 22:15,11622851,11622892,11622973,11622769,32590,1038094450,0.0,0.0,82.0,0.0
螺纹钢2601,rb2601,2025-09-19 22:30,11622851,11622973,11623014,11622810,22888,729367450,0.0,0.0,81.0,0.0
螺纹钢2601,rb2601,2025-09-19 22:45,11622973,11622932,11623055,11622892,28362,904246840,0.0,0.0,-41.0,0.0
螺纹钢2601,rb2601,2025-09-19 23:00,11622932,11622973,11622973,11622810,51169,1630102240,0.0,0.0,41.0,0.0
螺纹钢2601,rb2601,2025-09-22 09:15,11622973,11622810,11623055,11622605,129758,4131380650,0.0,0.0,-163.0,0.0
螺纹钢2601,rb2601,2025-09-22 09:30,11622851,11623260,11623301,11622687,100803,3216595490,0.01,0.0,450.0,0.0
螺纹钢2601,rb2601,2025-09-22 09:45,11623219,11623383,11623547,11623178,132486,4237245200,0.0,0.0,123.0,0.0
螺纹钢2601,rb2601,2025-09-22 10:00,11623383,11623137,11623383,11623014,73079,2333894570,0.0,0.0,-246.0,0.0
螺纹钢2601,rb2601,2025-09-22 10:15,11623137,11623096,11623383,11623055,55803,1782378150,0.0,0.0,-41.0,0.0
螺纹钢2601,rb2601,2025-09-22 10:45,11623055,11622892,11623301,11622851,61145,1950506680,0.0,0.0,-204.0,0.0
螺纹钢2601,rb2601,2025-09-22 11:00,11622932,11622892,11622932,11622687,73644,2344570300,0.0,0.0,0.0,0.0
螺纹钢2601,rb2601,2025-09-22 11:15,11622892,11622851,11622892,11622728,35529,1131170100,0.0,0.0,-41.0,0.0
螺纹钢2601,rb2601,2025-09-22 11:30,11622810,11622728,11622892,11622482,97060,3086728430,0.0,0.0,-123.0,0.0
螺纹钢2601,rb2601,2025-09-22 13:45,11622769,11622851,11622973,11622728,57388,1828004120,0.0,0.0,123.0,0.0
螺纹钢2601,rb2601,2025-09-22 14:00,11622892,11622810,11622973,11622687,36202,1153050160,0.0,0.0,-41.0,0.0
螺纹钢2601,rb2601,2025-09-22 14:15,11622769,11622646,11622810,11622441,79566,2528796620,0.0,0.0,-164.0,0.0
螺纹钢2601,rb2601,2025-09-22 14:30,11622646,11623055,11623096,11622605,59033,1880446680,0.0,0.0,409.0,0.0
螺纹钢2601,rb2601,2025-09-22 14:45,11623055,11623014,11623137,11622769,54070,1723772450,0.0,0.0,-41.0,0.0
螺纹钢2601,rb2601,2025-09-22 15:00,11623014,11622851,11623055,11622810,51964,1656125580,0.0,0.0,-163.0,0.0
螺纹钢2601,rb2601,2025-09-22 21:15,11622728,11622154,11622728,11622072,181230,5749561880,0.01,-0.01,-697.0,0.0
螺纹钢2601,rb2601,2025-09-22 21:30,11622195,11622154,11622359,11622113,50541,1602239880,0.0,0.0,0.0,0.0
螺纹钢2601,rb2601,2025-09-22 21:45,11622195,11622318,11622359,11622154,35299,1119374610,0.0,0.0,164.0,0.0
螺纹钢2601,rb2601,2025-09-22 22:00,11622277,11622400,11622400,11622277,21853,693453800,0.0,0.0,82.0,0.0
螺纹钢2601,rb2601,2025-09-22 22:15,11622359,11622277,11622441,11622277,21233,673830970,0.0,0.0,-123.0,0.0
螺纹钢2601,rb2601,2025-09-22 22:30,11622277,11622031,11622359,11622031,49681,1573976120,0.0,0.0,-246.0,0.0
螺纹钢2601,rb2601,2025-09-22 22:45,11622072,11622154,11622195,11621990,38443,1217417430,0.0,0.0,123.0,0.0
螺纹钢2601,rb2601,2025-09-22 23:00,11622154,11622236,11622318,11622154,31981,1013817790,0.0,0.0,82.0,0.0
螺纹钢2601,rb2601,2025-09-23 09:15,11622236,11622359,11622441,11622154,44935,1425040800,0.0,0.0,123.0,0.0
螺纹钢2601,rb2601,2025-09-23 09:30,11622359,11622646,11622687,11622277,49456,1570804230,0.0,0.0,287.0,0.0
螺纹钢2601,rb2601,2025-09-23 09:45,11622646,11622400,11622646,11622359,36694,1165352080,0.0,0.0,-246.0,0.0
螺纹钢2601,rb2601,2025-09-23 10:00,11622441,11622359,11622605,11622359,26994,857259660,0.0,0.0,-41.0,0.0
螺纹钢2601,rb2601,2025-09-23 10:15,11622359,11621990,11622400,11621704,145461,4601916230,0.01,0.0,-369.0,0.0
螺纹钢2601,rb2601,2025-09-23 10:45,11621868,11621745,11621908,11621499,116272,3670358280,0.0,0.0,-245.0,0.0
螺纹钢2601,rb2601,2025-09-23 11:00,11621704,11621745,11621908,11621704,35851,1132611420,0.0,0.0,0.0,0.0
螺纹钢2601,rb2601,2025-09-23 11:15,11621745,11621540,11621827,11621540,41994,1325303540,0.0,0.0,-205.0,0.0
螺纹钢2601,rb2601,2025-09-23 11:30,11621540,11621540,11621622,11621417,56150,1770023140,0.0,0.0,0.0,0.0
螺纹钢2601,rb2601,2025-09-23 13:45,11621540,11621376,11621704,11621335,58916,1857313920,0.0,0.0,-164.0,0.0
螺纹钢2601,rb2601,2025-09-23 14:00,11621417,11621499,11621540,11621335,48597,1530937060,0.0,0.0,123.0,0.0
螺纹钢2601,rb2601,2025-09-23 14:15,11621499,11621335,11621540,11621253,43752,1377399950,0.0,0.0,-164.0,0.0
螺纹钢2601,rb2601,2025-09-23 14:30,11621335,11621499,11621540,11621253,53011,1670001480,0.0,0.0,164.0,0.0
螺纹钢2601,rb2601,2025-09-23 14:45,11621499,11621581,11621622,11621376,39320,1239455620,0.0,0.0,82.0,0.0
螺纹钢2601,rb2601,2025-09-23 15:00,11621540,11621622,11621704,11621499,62712,1978490170,0.0,0.0,41.0,0.0
螺纹钢2601,rb2601,2025-09-23 21:15,3156,3151,3159,3145,104679,3298702460,0.44,-0.13,-4.0,0.0
螺纹钢2601,rb2601,2025-09-23 21:30,3151,3144,3151,3142,73601,2315175650,0.29,-0.22,-7.0,0.0
螺纹钢2601,rb2601,2025-09-23 21:45,3144,3146,3147,3143,28205,887047450,0.13,0.06,2.0,0.0
螺纹钢2601,rb2601,2025-09-23 22:00,3147,3148,3150,3144,26746,841710540,0.19,0.06,2.0,0.0
螺纹钢2601,rb2601,2025-09-23 22:15,3149,3150,3151,3148,21541,678522220,0.1,0.06,2.0,0.0
螺纹钢2601,rb2601,2025-09-23 22:30,3149,3152,3152,3149,18792,592073210,0.1,0.06,2.0,0.0
螺纹钢2601,rb2601,2025-09-23 22:45,3152,3146,3152,3144,28682,902578770,0.25,-0.19,-6.0,0.0
螺纹钢2601,rb2601,2025-09-23 23:00,3146,3145,3147,3144,24552,772222890,0.1,-0.03,-1.0,0.0
