date,code,open,high,low,close,volume,amount,pctChg
2012-05-25,sh.000300,2572.3690,2635.7800,2563.9730,2573.1030,20721222000,237740743757.0000,-0.033916
2012-06-01,sh.000300,2562.5960,2658.2550,2545.3360,2632.9980,26862887300,297788568717.0000,2.327734
2012-06-08,sh.000300,2598.7330,2608.3160,2520.4090,2524.3290,20281371800,235176787584.0000,-4.127196
2012-06-15,sh.000300,2529.5990,2584.7090,2523.7740,2568.0540,20608351600,230200963915.0000,1.732143
2012-06-21,sh.000300,2576.6290,2593.2180,2502.4190,2512.1850,13364155200,150054120255.0000,-2.175538
2012-06-29,sh.000300,2501.1630,2501.1630,2417.4860,2461.6120,17038635000,183232947898.0000,-2.013108
2012-07-06,sh.000300,2473.5450,2490.5470,2420.0010,2472.6140,19799232400,221041773614.0000,0.446943
2012-07-13,sh.000300,2455.8920,2470.2050,2402.1540,2450.6330,21584054500,240143768066.0000,-0.888978
2012-07-20,sh.000300,2452.5950,2452.5950,2373.6470,2398.4550,20251679300,212843479186.0000,-2.129164
2012-07-27,sh.000300,2379.8850,2392.3530,2341.2930,2349.1080,15000156800,154433209646.0000,-2.057449
2012-08-03,sh.000300,2350.7820,2371.1220,2325.6080,2353.7370,15529136600,153240183073.0000,0.197054
2012-08-10,sh.000300,2350.1170,2413.4230,2348.1190,2399.7510,18827855100,209386579416.0000,1.954934
2012-08-17,sh.000300,2394.5040,2394.5040,2295.1580,2313.4760,16718241000,174692888899.0000,-3.595165
2012-08-24,sh.000300,2294.9010,2327.3750,2274.5660,2275.6770,15721047800,160256145861.0000,-1.633862
2012-08-31,sh.000300,2268.4850,2268.4850,2188.7240,2204.8680,16162675000,150319516199.0000,-3.111558
2012-09-07,sh.000300,2201.1230,2341.5220,2186.9620,2317.1790,23437875244,210140113873.0000,5.093774
2012-09-14,sh.000300,2320.5570,2337.1960,2294.8200,2315.5420,26483545400,246589590237.0000,-0.070646
2012-09-21,sh.000300,2312.0550,2314.9890,2186.5300,2199.0630,19722950800,178960902342.0000,-5.030313
2012-09-28,sh.000300,2183.9690,2297.0330,2172.8790,2293.1060,20372605600,187846785774.0000,4.276503
2012-10-12,sh.000300,2291.9610,2332.1490,2258.1100,2304.5310,20894434900,189498900066.0000,0.498233
2012-10-19,sh.000300,2306.0060,2342.5270,2278.4570,2332.4700,18060366600,170768385259.0000,1.212351
2012-10-26,sh.000300,2320.4680,2347.8950,2237.0590,2247.9070,19438405300,164638123591.0000,-3.625470
2012-11-02,sh.000300,2241.8020,2309.6660,2227.6460,2306.7740,18942926200,165975653471.0000,2.618747
2012-11-09,sh.000300,2302.7420,2318.2310,2235.2310,2240.9240,17779184500,153201126860.0000,-2.854636
2012-11-16,sh.000300,2242.9600,2254.7030,2162.9760,2177.2400,15413111600,131348538748.0000,-2.841863
2012-11-23,sh.000300,2175.1840,2202.4700,2149.5380,2192.6760,13301590800,124702150892.0000,0.708971
2012-11-30,sh.000300,2187.2400,2191.3590,2109.9630,2139.6610,15277631700,125372877525.0000,-2.417822
2012-12-07,sh.000300,2136.6960,2250.5290,2102.1350,2246.7570,28364421700,242770110435.0000,5.005279
2012-12-14,sh.000300,2254.9150,2357.1060,2242.5570,2355.8650,32268529400,276270718143.0000,4.856244
2012-12-21,sh.000300,2359.2010,2414.2230,2346.5500,2372.0020,37753519400,354860806006.0000,0.684971
2012-12-28,sh.000300,2368.0070,2481.5920,2365.4100,2480.0490,36060257000,347786445730.0000,4.555097
2013-01-04,sh.000300,2485.5590,2558.5290,2485.5590,2524.4090,17999047500,176728324567.0000,1.788674
2013-01-11,sh.000300,2518.0470,2553.3520,2473.6960,2483.2300,36256130100,367834138722.0000,-1.631233
2013-01-18,sh.000300,2474.1760,2607.4460,2473.9980,2595.4390,43356652200,442926709741.0000,4.518671
2013-01-25,sh.000300,2605.6490,2663.4040,2564.2060,2571.6740,43540399200,430604583159.0000,-0.915645
2013-02-01,sh.000300,2577.2670,2744.3220,2577.2670,2743.3240,49280962500,512894692603.0000,6.674641
2013-02-08,sh.000300,2753.6880,2791.3030,2722.8740,2771.7250,49425705500,516692566917.0000,1.035277
2013-02-22,sh.000300,2784.0650,2787.7400,2584.7580,2596.6040,38794687100,406617134680.0000,-6.318123
2013-03-01,sh.000300,2607.1490,2680.8540,2564.6720,2668.8360,35665809800,376178853048.0000,2.781787
2013-03-08,sh.000300,2619.4200,2658.9690,2528.6940,2606.9270,44962213000,459543757221.0000,-2.319700
2013-03-15,sh.000300,2600.2780,2619.5120,2504.4580,2539.8730,30828997800,312819404872.0000,-2.572147
2013-03-22,sh.000300,2526.0770,2626.5380,2491.8540,2618.3080,33024977300,337490398866.0000,3.088147
2013-03-29,sh.000300,2628.4070,2641.6090,2482.4880,2495.0830,31711142200,318745188386.0000,-4.706284
2013-04-03,sh.000300,2486.4280,2524.4630,2474.9270,2483.5470,14859439500,147953931715.0000,-0.462349
2013-04-12,sh.000300,2443.2400,2508.5930,2429.5000,2462.1120,23609874500,245628151133.0000,-0.863080
2013-04-19,sh.000300,2453.9670,2542.4530,2416.6170,2533.8270,26489409400,267662742812.0000,2.912743
2013-04-26,sh.000300,2525.1130,2539.0460,2439.7960,2447.3060,29389808600,293035874813.0000,-3.414637
2013-05-03,sh.000300,2434.6030,2521.1190,2423.0770,2492.9120,10934617900,110467490860.0000,1.863518
2013-05-10,sh.000300,2502.9780,2562.0070,2500.4550,2540.8360,28352059000,296657031191.0000,1.922410
2013-05-17,sh.000300,2542.4120,2598.7060,2479.8720,2592.0480,30580885400,319308056590.0000,2.015557
2013-05-24,sh.000300,2597.1510,2630.0680,2572.8840,2597.2280,37760065300,392312499329.0000,0.199842
2013-05-31,sh.000300,2593.5220,2661.2290,2585.9010,2606.4260,36034380200,372361742370.0000,0.354147
2013-06-07,sh.000300,2605.9690,2625.9360,2475.6870,2484.1600,28525483400,289329470229.0000,-4.690945
2013-06-14,sh.000300,2448.7170,2448.7170,2375.2040,2416.7710,12569460000,117768377440.0000,-2.712748
2013-06-21,sh.000300,2422.7620,2427.5320,2269.5650,2317.3940,26727916800,259413707032.0000,-4.111974
2013-06-28,sh.000300,2308.0690,2308.0690,2023.1710,2200.6390,42826664700,355153885871.0000,-5.038202
2013-07-05,sh.000300,2187.0920,2252.0330,2166.3530,2226.8490,31980401900,296658177266.0000,1.191018
2013-07-12,sh.000300,2194.4230,2351.2230,2149.7870,2275.3730,37295298100,334302568162.0000,2.179043
2013-07-19,sh.000300,2289.7620,2336.0400,2188.7520,2190.4780,33571686300,315227191070.0000,-3.731037
2013-07-26,sh.000300,2170.0890,2276.7420,2159.8130,2224.0080,31240094700,293602628877.0000,1.530716
2013-08-02,sh.000300,2205.0830,2274.7100,2162.9790,2247.2630,28161649300,264660099241.0000,1.045635
2013-08-09,sh.000300,2249.9760,2313.8790,2243.2200,2286.0100,31983618800,307551381228.0000,1.724186
2013-08-16,sh.000300,2296.2200,2423.0810,2293.1760,2304.1440,43452039600,399993627122.0000,0.793260
2013-08-23,sh.000300,2286.2030,2353.4090,2251.9200,2286.9290,32488219000,302687283945.0000,-0.747132
2013-08-30,sh.000300,2294.7590,2345.3580,2288.4960,2313.9100,37935748000,346497826917.0000,1.179792
2013-09-06,sh.000300,2319.9570,2361.1780,2297.4490,2357.7820,37508151600,338271820620.0000,1.896012
2013-09-13,sh.000300,2374.2600,2527.3830,2372.6860,2488.9020,72760883000,625168497299.0000,5.561159
2013-09-18,sh.000300,2501.0770,2503.6940,2407.2430,2432.5100,27588402300,259500274869.0000,-2.265738
2013-09-27,sh.000300,2441.5160,2473.1630,2379.8560,2394.9710,42070806100,417377649308.0000,-1.543221
2013-09-30,sh.000300,2406.2050,2415.0750,2397.2200,2409.0370,5951399200,60990141884.0000,0.587314
2013-10-11,sh.000300,2406.4150,2471.1650,2392.5720,2468.5080,34478111800,341637811735.0000,2.468663
2013-10-18,sh.000300,2472.2670,2483.1310,2407.7770,2426.0540,40974873500,395222469668.0000,-1.719824
2013-10-25,sh.000300,2431.9150,2474.3720,2353.9930,2368.5590,40878918200,380127308015.0000,-2.369898
2013-11-01,sh.000300,2372.5710,2408.6160,2327.9040,2384.9600,40758483700,352292631716.0000,0.692446
2013-11-08,sh.000300,2397.2100,2404.8960,2306.0410,2307.9450,28626986700,264939454284.0000,-3.229195
2013-11-15,sh.000300,2305.9400,2377.2110,2279.0060,2350.7340,30197796000,280697297938.0000,1.853987
2013-11-22,sh.000300,2367.8830,2435.4270,2361.0380,2397.9620,42368208200,408448611132.0000,2.009075
2013-11-29,sh.000300,2385.7840,2460.5560,2380.4120,2438.9440,35308883800,336650064334.0000,1.709035
2013-12-06,sh.000300,2423.9690,2486.6400,2397.0070,2452.2870,44058413100,417594145656.0000,0.547081
2013-12-13,sh.000300,2460.0280,2468.9480,2386.2460,2406.6390,29383036700,276745093950.0000,-1.861446
2013-12-20,sh.000300,2408.6780,2412.7340,2278.0960,2278.1360,26638065900,254100235406.0000,-5.339521
2013-12-27,sh.000300,2283.8000,2315.1820,2259.5750,2303.4780,24007149900,230592478638.0000,1.112401
2014-01-03,sh.000300,2313.3800,2333.0740,2280.8870,2290.7790,21002231400,209934849927.0000,-0.551297
2014-01-10,sh.000300,2286.3710,2286.3710,2200.2150,2204.8510,27155869400,255208298000.0000,-3.751038
2014-01-17,sh.000300,2206.9960,2227.2620,2175.8760,2178.4880,25570717100,234774961158.0000,-1.195682
2014-01-24,sh.000300,2173.6510,2257.3550,2156.4580,2245.6780,26902139700,257841439657.0000,3.084249
2014-01-30,sh.000300,2233.0150,2233.2570,2200.2240,2202.4500,21746839700,205177390648.0000,-1.924942
2014-02-07,sh.000300,2187.3430,2212.4980,2177.1170,2212.4830,5045931500,49597106433.0000,0.455538
2014-02-14,sh.000300,2221.5400,2307.4740,2221.5400,2295.5750,42218849200,399245044956.0000,3.755599
2014-02-21,sh.000300,2308.7910,2331.6980,2250.6520,2264.2940,45704249600,425000305328.0000,-1.362665
2014-02-28,sh.000300,2246.7150,2246.7150,2133.5480,2178.9710,42721914000,388351097868.0000,-3.768194
2014-03-07,sh.000300,2173.9070,2194.2240,2136.4540,2168.3580,34983252300,309958058965.0000,-0.487065
2014-03-14,sh.000300,2149.6760,2149.6760,2088.7290,2122.8360,32695116200,285245776093.0000,-2.099377
2014-03-21,sh.000300,2132.7930,2163.2250,2077.7590,2158.7980,33872357400,299555787811.0000,1.694055
2014-03-28,sh.000300,2161.8980,2191.4910,2144.5840,2151.9650,39100687500,321167611834.0000,-0.316519
2014-04-04,sh.000300,2156.0540,2196.1380,2134.4220,2185.4720,28884506800,250162720158.0000,1.557042
2014-04-11,sh.000300,2179.9200,2290.7420,2178.9050,2270.6660,36873768700,334643192582.0000,3.898197
2014-04-18,sh.000300,2267.9430,2275.8300,2203.0470,2224.4790,28125276100,261429536181.0000,-2.034073
2014-04-25,sh.000300,2209.9420,2231.7070,2165.0750,2167.8260,26644079900,243418291982.0000,-2.546799
2014-04-30,sh.000300,2165.7730,2171.3850,2131.7830,2158.6590,15402474200,131042185281.0000,-0.422866
2014-05-09,sh.000300,2152.5900,2173.6180,2120.5950,2133.9110,23955164900,201680438378.0000,-1.146452
2014-05-16,sh.000300,2150.3130,2185.0460,2132.1860,2145.9520,28588651300,229657024674.0000,0.564269
2014-05-23,sh.000300,2139.3620,2160.9090,2096.5140,2148.4140,20301517300,172606667491.0000,0.114728
2014-05-30,sh.000300,2161.8920,2178.0920,2142.0070,2156.4640,21431950600,196636471036.0000,0.374695
2014-06-06,sh.000300,2157.6400,2168.9950,2117.3130,2134.7160,15601568500,138979623033.0000,-1.008503
2014-06-13,sh.000300,2128.2250,2183.6450,2126.6650,2176.2420,23466139900,206071507209.0000,1.945270
2014-06-20,sh.000300,2176.4380,2196.3430,2119.4980,2136.7290,25825080100,227142829555.0000,-1.815653
2014-06-27,sh.000300,2137.9260,2159.5260,2126.0350,2150.2580,21608377600,195827760159.0000,0.633164
2014-07-04,sh.000300,2152.3060,2184.9640,2152.3060,2178.6950,28385458500,257502486762.0000,1.322492
2014-07-11,sh.000300,2178.5460,2186.2020,2134.7950,2148.0090,28011475000,255144886723.0000,-1.408458
2014-07-18,sh.000300,2149.5420,2183.2480,2145.2780,2164.1440,34446165000,286011583936.0000,0.751161
2014-07-25,sh.000300,2164.2230,2260.8900,2158.9550,2260.4540,43533708700,365674669753.0000,4.450258
2014-08-01,sh.000300,2272.3830,2371.5000,2272.3830,2329.4020,67446696500,560077036701.0000,3.050184
2014-08-08,sh.000300,2336.6300,2380.7740,2319.2880,2331.1340,54838627600,462750278383.0000,0.074354
2014-08-15,sh.000300,2338.0080,2370.5130,2333.1230,2360.6350,48543360700,426272589330.0000,1.265521
2014-08-22,sh.000300,2366.2720,2379.8040,2333.2990,2365.3640,51216181100,462100999571.0000,0.200327
2014-08-29,sh.000300,2367.0190,2367.6060,2309.6390,2338.2870,39259623800,355322136896.0000,-1.144729
2014-09-05,sh.000300,2340.9250,2450.6340,2338.5300,2449.2590,56631586900,535561243421.0000,4.745867
2014-09-12,sh.000300,2452.2270,2461.4730,2412.6220,2438.3580,46951261400,429097043584.0000,-0.445073
2014-09-19,sh.000300,2433.0010,2442.9240,2379.0910,2425.2110,65199893100,538123701122.0000,-0.539174
2014-09-26,sh.000300,2419.3260,2462.6680,2374.1080,2437.2010,56794912600,492181678550.0000,0.494390
2014-09-30,sh.000300,2443.9100,2454.8850,2435.6110,2450.9880,23920595600,213370338665.0000,0.565690
2014-10-10,sh.000300,2460.8700,2488.1130,2445.2680,2466.7890,40751183100,359177709292.0000,0.644679
2014-10-17,sh.000300,2457.4120,2480.3000,2410.4010,2441.7320,68571554000,575004563007.0000,-1.015774
2014-10-24,sh.000300,2448.4530,2459.2550,2385.7250,2390.7060,45480021400,405364229064.0000,-2.089746
2014-10-31,sh.000300,2377.5420,2512.1890,2361.6800,2508.3250,76276832900,611790082582.0000,4.919844
2014-11-07,sh.000300,2515.8240,2541.5490,2482.9830,2502.1530,97295212300,748537481734.0000,-0.246061
2014-11-14,sh.000300,2529.8300,2607.5190,2514.7100,2581.0930,111986323200,949695848625.0000,3.154883
2014-11-21,sh.000300,2613.5130,2614.0860,2522.8360,2583.4550,68074442800,626899368372.0000,0.091512
2014-11-28,sh.000300,2614.1600,2809.5430,2602.9440,2808.8190,138720229600,1302608920344.0000,8.723357
2014-12-05,sh.000300,2825.6110,3195.7980,2804.2930,3124.8850,214480361200,2133114238909.0000,11.252630
2014-12-12,sh.000300,3108.2720,3387.8270,3058.1910,3193.2270,221051263500,2425986155989.0000,2.187024
2014-12-19,sh.000300,3176.8290,3397.1830,3143.2970,3383.1670,186364024800,2131860021697.0000,5.948215
2014-12-26,sh.000300,3396.2510,3455.2070,3188.4950,3445.8390,193140102200,2022692042427.0000,1.852465
2015-01-09,sh.000300,3566.0890,3689.7530,3536.3950,3546.7230,183733723200,2203153685805.0000,0.368395
2015-01-16,sh.000300,3531.5150,3662.1580,3461.3220,3635.1460,117022760200,1485353708535.0000,2.493090
2015-01-23,sh.000300,3414.0130,3627.8060,3325.6810,3571.7320,151430248800,1880230727626.0000,-1.744469
2015-01-30,sh.000300,3580.1180,3616.2580,3431.9360,3434.3900,115175361300,1435201844905.0000,-3.845249
2015-02-06,sh.000300,3360.1930,3487.9510,3285.9350,3312.4200,102242893900,1242928942758.0000,-3.551431
2015-02-13,sh.000300,3305.7340,3509.5050,3298.5970,3469.8280,83344834200,1044228452203.0000,4.752054
2015-02-17,sh.000300,3473.2890,3536.8200,3466.6070,3522.3220,33096965600,437256989152.0000,1.512870
2015-02-27,sh.000300,3529.5500,3594.8130,3456.8710,3572.8430,61765422700,763410079164.0000,1.434310
2015-03-06,sh.000300,3603.4520,3608.6910,3467.6760,3478.5200,110873345400,1430832643389.0000,-2.639998
2015-03-13,sh.000300,3449.6960,3641.3920,3417.4860,3617.6570,112968528600,1378439618777.0000,3.999891
2015-03-20,sh.000300,3641.7730,3916.8630,3621.1190,3892.5740,185561916600,2305648121277.0000,7.599311
2015-03-27,sh.000300,3923.0830,3993.0320,3883.7820,3971.6970,188518246400,2474231751342.0000,2.032665
2015-04-03,sh.000300,3999.0240,4170.5580,3999.0240,4170.5380,185424976100,2554513154475.0000,5.006449
2015-04-10,sh.000300,4213.8940,4351.6870,4197.0190,4344.4160,166192944100,2382727829127.0000,4.169198
2015-04-17,sh.000300,4394.0470,4630.2700,4335.6300,4596.1360,231614570400,3096144911729.0000,5.794104
2015-04-24,sh.000300,4615.0340,4782.0440,4492.6000,4702.6410,267055174800,3868086069574.0000,2.317273
2015-04-30,sh.000300,4753.8710,4839.0780,4695.7930,4749.8860,191649951700,2840448043353.0000,1.004648
2015-05-08,sh.000300,4757.6370,4795.9150,4445.5920,4558.4040,181450435100,2690788227505.0000,-4.031297
2015-05-15,sh.000300,4582.0910,4758.0020,4535.1490,4617.4700,178777905300,2800778222281.0000,1.295761
2015-05-22,sh.000300,4582.0580,4951.9910,4565.0610,4951.3350,170804844400,2772747621221.0000,7.230475
2015-05-29,sh.000300,4949.1100,5226.8440,4665.5210,4840.8290,242419258500,3846423494868.0000,-2.231823
2015-06-05,sh.000300,4862.7560,5288.3400,4835.7740,5230.5520,227346367100,3558748145731.0000,8.050749
2015-06-12,sh.000300,5259.4080,5380.4260,5202.5950,5335.1150,247237631700,3887237131634.0000,1.999082
2015-06-19,sh.000300,5354.0140,5362.4520,4634.6910,4637.0520,200704608600,3082884959616.0000,-13.084310
2015-06-26,sh.000300,4641.4250,4919.2630,4278.6750,4336.1950,169250243900,2405564079011.0000,-6.488109
2015-07-03,sh.000300,4446.8420,4526.1270,3785.9020,3885.9170,237079221700,3175114525649.0000,-10.384173
2015-07-10,sh.000300,4218.2660,4218.2660,3537.8260,4106.5560,291351904600,3409466643999.0000,5.677913
2015-07-17,sh.000300,4132.2310,4278.1610,3856.3210,4151.4960,204010903800,2616485517306.0000,1.094348
2015-07-24,sh.000300,4157.0600,4299.6500,4081.7040,4176.2790,173651154600,2376896110882.0000,0.596966
2015-07-31,sh.000300,4097.7960,4156.3130,3627.4210,3816.6990,151948000400,2008558136525.0000,-8.610057
2015-08-07,sh.000300,3766.0720,3962.2770,3742.5780,3906.9450,99715370200,1313159797758.0000,2.364504
2015-08-14,sh.000300,3947.4720,4113.1590,3932.8420,4073.5400,138019090200,1818462343049.0000,4.264073
2015-08-21,sh.000300,4058.1130,4103.0540,3578.1750,3589.5360,127602491500,1640753343580.0000,-11.881656
2015-08-28,sh.000300,3454.5980,3468.1490,2952.0080,3342.2860,140658193700,1464006276734.0000,-6.888077
2015-09-02,sh.000300,3307.3960,3387.0210,3190.5780,3365.8320,98049834300,1006985108765.0000,0.704488
2015-09-11,sh.000300,3347.2930,3426.6510,3170.8070,3347.1880,83272196200,947238015863.0000,-0.553920
2015-09-18,sh.000300,3367.6420,3373.9210,3131.3700,3251.2730,78502824800,852450317302.0000,-2.865540
2015-09-25,sh.000300,3222.6030,3371.4140,3201.9140,3231.9510,61561260800,713124667821.0000,-0.594290
2015-09-30,sh.000300,3226.6070,3246.5540,3159.0420,3202.9480,23992945000,280580575735.0000,-0.897384
2015-10-09,sh.000300,3324.9810,3352.3790,3293.9650,3340.1160,25643426800,308851944540.0000,4.282555
2015-10-16,sh.000300,3351.1390,3537.5390,3347.2510,3534.0650,89913120000,1067378033879.0000,5.806655
2015-10-23,sh.000300,3548.9520,3601.2430,3417.4120,3571.2410,105130796000,1278946839889.0000,1.051933
2015-10-30,sh.000300,3614.7020,3620.7560,3486.1020,3534.0790,83343446100,1067204356840.0000,-1.040591
2015-11-06,sh.000300,3489.2250,3801.7050,3452.6200,3793.3740,113362795300,1451560112688.0000,7.336989
2015-11-13,sh.000300,3796.3790,3891.7730,3727.5850,3746.2420,129658626000,1735488594431.0000,-1.242482
2015-11-20,sh.000300,3682.7350,3852.7740,3680.0730,3774.3830,93749714500,1293612960084.0000,0.751179
2015-11-27,sh.000300,3774.4360,3805.8440,3534.3900,3556.9920,85341986200,1151816496681.0000,-5.759643
2015-12-04,sh.000300,3554.8900,3758.4460,3455.0680,3677.5920,87223823000,1090790371222.0000,3.390505
2015-12-11,sh.000300,3681.5820,3699.3370,3578.1460,3608.0590,58352776100,792728109649.0000,-1.890721
2015-12-18,sh.000300,3573.8840,3810.2180,3570.9980,3767.9130,74098360700,1025030499801.0000,4.430471
2015-12-25,sh.000300,3762.0960,3926.6860,3759.9890,3838.2010,87156149300,1195411481168.0000,1.865436
2015-12-31,sh.000300,3847.5320,3853.3890,3710.4800,3731.0050,46337750600,651218870712.0000,-2.792871
2016-01-08,sh.000300,3725.8560,3726.2450,3237.9310,3361.5630,65351589400,753562154293.0000,-9.901943
2016-01-15,sh.000300,3303.1250,3342.4810,3072.0390,3118.7300,68267012700,734053360182.0000,-7.223812
2016-01-22,sh.000300,3068.2350,3227.9080,3053.9580,3113.4630,56057360300,614421180527.0000,-0.168883
2016-01-29,sh.000300,3129.0280,3149.3320,2839.2900,2946.0900,55323036300,545152446267.0000,-5.375783
2016-02-05,sh.000300,2939.0400,2999.2060,2869.5610,2963.7890,42141683700,415482345391.0000,0.600762
2016-02-19,sh.000300,2888.4280,3093.5130,2886.0180,3051.5850,52553016000,519332835657.0000,2.962289
2016-02-26,sh.000300,3083.9330,3128.2070,2902.9480,2948.0310,63007649000,628103737379.0000,-3.393450
2016-03-04,sh.000300,2939.5800,3101.6560,2821.2150,3093.8890,81363756300,763986592162.0000,4.947641
2016-03-11,sh.000300,3109.0000,3130.9030,2982.1720,3018.2840,52956978500,515395250524.0000,-2.443720
2016-03-18,sh.000300,3039.5690,3197.6680,3028.5780,3171.9630,65912138500,697592320523.0000,5.091602
2016-03-25,sh.000300,3203.2930,3267.7750,3174.3180,3197.8170,75049609900,884247334691.0000,0.815079
2016-04-01,sh.000300,3206.9530,3241.9270,3122.7600,3221.8950,55821340500,652727815004.0000,0.752951
2016-04-08,sh.000300,3211.3050,3271.9300,3163.3050,3185.7260,47965916900,538696596493.0000,-1.122600
2016-04-15,sh.000300,3213.5070,3296.5230,3198.9030,3272.2050,62666086800,667959076365.0000,2.714577
2016-04-22,sh.000300,3252.6710,3252.6710,3107.3690,3174.9010,52200051000,560024381766.0000,-2.973652
2016-04-29,sh.000300,3164.7380,3188.8260,3135.6430,3156.7450,31444466800,363911279648.0000,-0.571860
2016-05-06,sh.000300,3159.8230,3222.8820,3130.1470,3130.3540,37244116400,416742715416.0000,-0.836019
2016-05-13,sh.000300,3115.4300,3115.4300,3035.0230,3074.9350,39127015100,405653174232.0000,-1.770375
2016-05-20,sh.000300,3064.5260,3105.2010,3039.4620,3078.2180,32398035800,362056744077.0000,0.106766
2016-05-27,sh.000300,3078.5150,3098.4780,3027.4440,3062.4990,29594613500,320117053458.0000,-0.510653
2016-06-03,sh.000300,3056.3140,3201.7490,3037.6650,3189.3250,50260538200,580021214550.0000,4.141258
2016-06-08,sh.000300,3192.7790,3197.2200,3148.3520,3163.9860,22191384000,287570640652.0000,-0.794525
2016-06-17,sh.000300,3134.0450,3145.6060,3042.2330,3110.3570,41502634900,490333431417.0000,-1.694982
2016-06-24,sh.000300,3114.9060,3155.4930,3033.9650,3077.1560,39058354500,463930155803.0000,-1.067434
2016-07-01,sh.000300,3065.1280,3170.2580,3064.9660,3154.2000,43045446400,531065677097.0000,2.503774
2016-07-08,sh.000300,3136.3850,3220.5400,3134.0230,3192.2810,59676493900,692578651053.0000,1.207311
2016-07-15,sh.000300,3199.0380,3300.9910,3197.6250,3276.2780,69645064200,796004424738.0000,2.631285
2016-07-22,sh.000300,3269.7080,3281.6370,3220.8940,3225.1620,44393458700,543143026198.0000,-1.560185
2016-07-29,sh.000300,3220.1660,3276.5110,3157.4090,3203.9300,51226774000,623772895792.0000,-0.658324
2016-08-05,sh.000300,3196.4250,3224.8730,3156.7490,3205.1100,37273597700,430562855016.0000,0.036830
2016-08-12,sh.000300,3199.5720,3294.2340,3187.2520,3294.2340,48546693900,561070460494.0000,2.780685
2016-08-19,sh.000300,3303.4690,3418.6880,3302.3780,3365.0200,81812252600,961239465144.0000,2.148816
2016-08-26,sh.000300,3364.6810,3372.8330,3279.8060,3307.0900,46418679700,536509653959.0000,-1.721506
2016-09-02,sh.000300,3306.5750,3333.9730,3295.7550,3314.1140,40007214700,477047544541.0000,0.212392
2016-09-09,sh.000300,3321.0050,3357.3570,3300.1260,3318.0440,43408977500,500231067270.0000,0.118584
2016-09-14,sh.000300,3271.8700,3276.7160,3231.3350,3238.7300,26053066700,291100021594.0000,-2.390384
2016-09-23,sh.000300,3242.7430,3303.1990,3242.7430,3275.6670,30450579500,356299945409.0000,1.140478
2016-09-30,sh.000300,3267.6900,3267.6900,3214.4410,3253.2850,27407081200,312224407110.0000,-0.683250
2016-10-14,sh.000300,3265.3650,3308.0040,3258.9580,3305.8480,40044267300,411617670097.0000,1.615721
2016-10-21,sh.000300,3305.9630,3341.5600,3271.5410,3327.7400,47916599500,478774926680.0000,0.662220
2016-10-28,sh.000300,3332.5120,3382.8260,3330.9670,3340.1260,53299398400,555397822897.0000,0.372205
2016-11-04,sh.000300,3332.4060,3379.9890,3317.3280,3354.1750,46778132500,513968733389.0000,0.420613
2016-11-11,sh.000300,3353.4440,3422.6710,3322.0800,3417.2210,67562336000,668620724115.0000,1.879628
2016-11-18,sh.000300,3409.2240,3452.6160,3408.1390,3417.4550,71513487200,711427168885.0000,0.006848
2016-11-25,sh.000300,3412.6520,3521.3030,3412.0800,3521.2980,77671428600,817944006011.0000,3.038606
2016-12-02,sh.000300,3538.6750,3583.7190,3516.7880,3528.9550,99938025800,1062243701272.0000,0.217448
2016-12-09,sh.000300,3473.6880,3507.9270,3445.7560,3493.7000,67841377800,703048385532.0000,-0.998993
2016-12-16,sh.000300,3489.2680,3495.8020,3327.1430,3346.0310,63831667400,669420417379.0000,-4.226722
2016-12-23,sh.000300,3342.3450,3344.8580,3289.2680,3307.5990,46718722700,472968875741.0000,-1.148555
2016-12-30,sh.000300,3293.2240,3330.2320,3267.0480,3310.0810,37611281700,399764521801.0000,0.075039
2017-01-06,sh.000300,3313.9530,3373.4120,3313.9530,3347.6670,35241419400,367888717566.0000,1.135531
2017-01-13,sh.000300,3345.7480,3370.5050,3309.3740,3319.9120,42401826400,416788525722.0000,-0.829055
2017-01-20,sh.000300,3314.1510,3358.4120,3264.2070,3354.8890,42931596000,438398736554.0000,1.053552
2017-01-26,sh.000300,3359.0540,3395.8850,3355.8470,3387.9610,26544530200,271514525550.0000,0.985785
2017-02-03,sh.000300,3390.9310,3392.4770,3362.5650,3364.4920,5518886100,57113853255.0000,-0.692688
2017-02-10,sh.000300,3368.1080,3422.3260,3347.4300,3413.4870,42900593600,450078858523.0000,1.456238
2017-02-17,sh.000300,3416.9170,3457.5560,3416.8750,3421.4420,56547433900,568366240944.0000,0.233076
2017-02-24,sh.000300,3421.6430,3492.9620,3421.6430,3473.8520,54535832800,571020447768.0000,1.531840
2017-03-03,sh.000300,3471.1320,3472.8360,3412.8310,3427.8630,44804050300,486013769998.0000,-1.323833
2017-03-10,sh.000300,3427.2530,3457.0350,3414.6780,3427.8920,39757987200,451039041836.0000,0.000875
2017-03-17,sh.000300,3425.6720,3492.1270,3412.6880,3445.8050,45795651400,544927453946.0000,0.522595
2017-03-24,sh.000300,3449.0520,3499.3180,3429.8250,3489.6000,50134196600,598729586047.0000,1.270966
2017-03-31,sh.000300,3488.7650,3505.9790,3422.3660,3456.0450,50401631600,559620345638.0000,-0.961543
2017-04-07,sh.000300,3476.4230,3526.8150,3475.1490,3517.4630,42045922500,450524300904.0000,1.777118
2017-04-14,sh.000300,3519.4600,3523.0970,3466.1390,3486.5040,75511364000,811130989043.0000,-0.880151
2017-04-21,sh.000300,3475.7380,3489.0840,3418.5140,3466.7870,56804536600,626911677151.0000,-0.565524
2017-04-28,sh.000300,3458.2280,3466.5650,3399.5390,3439.7530,54560374400,610066045291.0000,-0.779771
2017-05-05,sh.000300,3427.9170,3436.3060,3366.5570,3382.5500,39784449400,423940869853.0000,-1.662997
2017-05-12,sh.000300,3369.1080,3387.2680,3312.8920,3385.3790,49524293900,523707742660.0000,0.083635
2017-05-19,sh.000300,3391.5880,3433.9690,3373.5520,3403.8490,44518997800,482039135524.0000,0.545611
2017-05-26,sh.000300,3400.5880,3498.3150,3383.8920,3480.4350,52696653700,567628951312.0000,2.249982
2017-06-02,sh.000300,3495.0730,3515.0810,3470.2010,3486.5070,29062547712,324908236800.0000,0.174490
2017-06-09,sh.000300,3480.1690,3590.8870,3460.4530,3576.1700,43966067968,521403756544.0000,2.571714
2017-06-16,sh.000300,3570.2190,3603.6900,3508.9460,3518.7610,40845433088,515535396864.0000,-1.605321
2017-06-23,sh.000300,3520.0600,3635.5270,3520.0600,3622.8830,48882264576,617301667840.0000,2.959053
2017-06-30,sh.000300,3627.0200,3676.5320,3627.0200,3666.7970,49721708288,632567267328.0000,1.212129
2017-07-07,sh.000300,3667.2310,3667.5950,3610.4580,3655.9290,47823944192,617219186688.0000,-0.296417
2017-07-14,sh.000300,3647.9370,3703.0940,3640.5890,3703.0940,59282408448,697023717376.0000,1.290096
2017-07-21,sh.000300,3700.6170,3751.6940,3621.3650,3728.5970,74627271168,846781771776.0000,0.688694
2017-07-28,sh.000300,3724.3770,3755.1900,3672.4970,3721.8910,64928028672,722200616960.0000,-0.179853
2017-08-04,sh.000300,3722.4280,3784.3510,3707.0030,3707.5790,77689296384,856357621760.0000,-0.384536
2017-08-11,sh.000300,3701.2160,3746.8610,3645.0940,3647.3500,66662599424,727142645760.0000,-1.624483
2017-08-18,sh.000300,3651.3750,3733.4910,3651.3750,3724.6740,53110540544,652404862976.0000,2.120005
2017-08-25,sh.000300,3731.8390,3795.9690,3728.6150,3795.7540,52545577216,637557051392.0000,1.908355
2017-09-01,sh.000300,3805.6560,3866.9420,3800.8860,3830.5380,74674669824,901509738496.0000,0.916392
2017-09-08,sh.000300,3828.5440,3865.2930,3813.5530,3825.9890,63584988160,768286121984.0000,-0.118756
2017-09-15,sh.000300,3828.3420,3854.4930,3817.5100,3831.2960,60127061248,765242429440.0000,0.138709
2017-09-22,sh.000300,3832.9620,3862.3580,3816.8220,3837.7300,54321492736,705905160192.0000,0.167933
2017-09-29,sh.000300,3829.2190,3852.2230,3808.3820,3836.5010,45832429056,578019180544.0000,-0.032024
2017-10-13,sh.000300,3910.1140,3927.1740,3855.4660,3921.0010,53696957440,711536041984.0000,2.202528
2017-10-20,sh.000300,3926.2750,3947.4230,3900.4750,3926.8520,48407353344,611672084480.0000,0.149222
2017-10-27,sh.000300,3930.8910,4024.4640,3920.6560,4021.9670,51931690240,650756820992.0000,2.422169
2017-11-03,sh.000300,4022.1640,4033.3390,3960.2690,3992.6970,65248878080,812987604992.0000,-0.727753
2017-11-10,sh.000300,3989.1820,4116.7140,3975.4060,4111.9110,68789904384,911969611776.0000,2.985801
2017-11-17,sh.000300,4115.5500,4137.6450,4055.7160,4120.8500,72848747520,1009272078336.0000,0.217393
2017-11-24,sh.000300,4093.7340,4260.6390,4057.4890,4104.2030,81328034816,1119639097344.0000,-0.403970
2017-12-01,sh.000300,4088.9310,4088.9310,3984.3770,3998.1360,57543726080,766128418816.0000,-2.584351
2017-12-08,sh.000300,3989.0460,4045.9330,3955.4400,4003.3790,54555740672,722698100736.0000,0.131136
2017-12-15,sh.000300,4006.8780,4070.1500,3974.9270,3980.8550,42884704512,620559245312.0000,-0.562625
2017-12-22,sh.000300,3983.2960,4080.7810,3967.9340,4054.5980,41629663744,596781449216.0000,1.852441
2017-12-29,sh.000300,4057.4170,4086.9340,3980.2350,4030.8540,49722889984,665074581504.0000,-0.585607
2018-01-05,sh.000300,4045.2080,4151.2810,4045.2080,4138.7500,58234131968,743858769920.0000,2.676753
2018-01-12,sh.000300,4140.8540,4227.3920,4127.3080,4225.0010,69696695808,931242725376.0000,2.083987
2018-01-19,sh.000300,4229.8350,4316.5710,4213.1270,4285.3950,92823730944,1231656583168.0000,1.429443
2018-01-26,sh.000300,4276.4810,4403.3370,4275.8970,4381.2990,96893185536,1249183789056.0000,2.237927
2018-02-02,sh.000300,4387.0570,4395.9050,4181.7790,4271.2320,81141500672,1067628859392.0000,-2.512200
2018-02-09,sh.000300,4204.4580,4274.1460,3759.1460,3840.6520,94500555776,1204118855680.0000,-10.080932
2018-02-14,sh.000300,3846.2670,3986.9800,3828.0690,3966.9610,29982986240,387447599104.0000,3.288738
2018-02-23,sh.000300,4020.9730,4085.2000,4009.9200,4071.0880,20527031808,266530197504.0000,2.624856
2018-03-02,sh.000300,4093.3980,4128.7430,3986.8940,4016.4610,57952391424,778126540800.0000,-1.341828
2018-03-09,sh.000300,4021.6570,4110.6730,3995.8710,4108.8650,53852503552,699799576576.0000,2.300632
2018-03-16,sh.000300,4130.7080,4139.5250,4055.8220,4056.4220,52474392320,712087506944.0000,-1.276338
2018-03-23,sh.000300,4054.6160,4110.1150,3834.9370,3904.9350,52889335808,716063830016.0000,-3.734498
2018-03-30,sh.000300,3862.6940,3936.7780,3794.2610,3898.4970,54447608320,777701089280.0000,-0.164868
2018-04-04,sh.000300,3897.0050,3937.0180,3839.9330,3854.8620,29511064320,422999085056.0000,-1.119278
2018-04-13,sh.000300,3851.9540,3958.7070,3827.4130,3871.1440,45645589504,603095257088.0000,0.422376
2018-04-20,sh.000300,3862.4730,3869.1560,3708.1060,3760.8540,49484225024,652234076160.0000,-2.849029
2018-04-27,sh.000300,3754.6890,3854.4290,3714.6440,3756.8760,45943079680,631099924480.0000,-0.105774
2018-05-04,sh.000300,3769.9250,3801.5240,3732.3710,3774.5980,24881644288,341138911232.0000,0.471722
2018-05-11,sh.000300,3782.5400,3903.3370,3776.0290,3872.8380,39223873024,565094162432.0000,2.602661
2018-05-18,sh.000300,3886.8730,3924.3420,3841.8960,3903.0630,36158328064,519073898496.0000,0.780435
2018-05-25,sh.000300,3925.5390,3937.4600,3804.1340,3816.4980,39091424256,523172339712.0000,-2.217874
2018-06-01,sh.000300,3816.2640,3846.5520,3722.0710,3770.5890,41147578880,569629483008.0000,-1.202909
2018-06-08,sh.000300,3785.1860,3859.8470,3759.2710,3779.6150,39202242048,563734487040.0000,0.239379
2018-06-15,sh.000300,3770.2080,3830.4710,3737.4280,3753.4330,36225426432,527769473024.0000,-0.692716
2018-06-22,sh.000300,3702.6680,3712.8160,3542.4560,3608.9040,41645105664,511925043200.0000,-3.850582
2018-06-29,sh.000300,3625.7980,3631.0250,3416.9470,3510.9840,39952924928,518638305280.0000,-2.713289
2018-07-06,sh.000300,3504.4570,3506.8990,3295.7290,3365.1220,42247369984,538174681088.0000,-4.154448
2018-07-13,sh.000300,3378.9050,3499.7640,3375.1440,3492.6890,38750077952,498313515008.0000,3.790858
2018-07-20,sh.000300,3488.9670,3506.2350,3398.9530,3492.8930,36725784832,476033589248.0000,0.005841
2018-07-27,sh.000300,3471.8550,3596.5120,3464.6470,3521.2260,53323530752,620356038656.0000,0.811161
2018-08-03,sh.000300,3520.8530,3550.9020,3315.2000,3315.2830,41255206912,497479733248.0000,-5.848616
2018-08-10,sh.000300,3312.8150,3424.0410,3257.6850,3405.0190,40996873472,490425966592.0000,2.706737
2018-08-17,sh.000300,3369.9810,3396.1880,3224.0990,3229.6190,34895981056,420115103744.0000,-5.151219
2018-08-24,sh.000300,3238.2150,3353.0440,3209.0110,3325.3340,32177510144,410848396288.0000,2.963662
2018-08-31,sh.000300,3339.3890,3416.5920,3310.8720,3334.5030,38132676864,465297166336.0000,0.275732
2018-09-07,sh.000300,3320.6890,3370.9630,3253.7250,3277.6430,32406824448,408490971136.0000,-1.705202
2018-09-14,sh.000300,3271.3810,3277.8840,3191.3970,3242.0900,30435722240,375153895168.0000,-1.084712
2018-09-21,sh.000300,3224.9260,3410.4850,3193.6420,3410.4850,38483230976,454179465728.0000,5.194026
2018-09-28,sh.000300,3375.9710,3448.2590,3367.0250,3438.8640,31637103104,384436924416.0000,0.832110
2018-10-12,sh.000300,3361.5590,3364.4640,3094.9650,3170.7260,44865758464,501850128384.0000,-7.797284
2018-10-19,sh.000300,3173.8460,3183.1290,3009.4980,3134.9450,38794153728,429131968512.0000,-1.128480
2018-10-26,sh.000300,3159.5610,3297.3800,3099.8880,3173.6350,58603620096,653556989952.0000,1.234152
2018-11-02,sh.000300,3157.4870,3290.2450,3050.7700,3290.2450,60523682816,681606238208.0000,3.674336
2018-11-09,sh.000300,3269.4690,3279.8780,3166.3100,3167.4440,44588865280,490565599232.0000,-3.732275
2018-11-16,sh.000300,3160.2460,3282.3900,3152.4390,3257.6730,55380015872,563851657216.0000,2.848638
2018-11-23,sh.000300,3258.7910,3294.6030,3139.3850,3143.4750,45917402112,482105434112.0000,-3.505508
2018-11-30,sh.000300,3148.6720,3204.8560,3126.2890,3172.6900,34108843776,365691602944.0000,0.929385
2018-12-07,sh.000300,3260.6860,3273.6390,3176.7060,3181.5640,40674594560,489283963392.0000,0.279700
2018-12-14,sh.000300,3153.5220,3234.0810,3134.3840,3165.9100,34471506944,389220776704.0000,-0.492022
2018-12-21,sh.000300,3158.2840,3167.5120,3007.6090,3029.3950,33234718720,380065352448.0000,-4.312030
2018-12-28,sh.000300,3015.4970,3047.2340,2964.8750,3010.6530,34323163648,362173859840.0000,-0.618671
2019-01-04,sh.000300,3017.0670,3036.8140,2935.8290,3035.8740,24284909568,259911409664.0000,0.837725
2019-01-11,sh.000300,3055.1530,3117.9610,3035.9120,3094.7780,45175747584,470089613312.0000,1.940265
2019-01-18,sh.000300,3092.4980,3171.6860,3064.3820,3168.1730,41924771072,443543319552.0000,2.371576
2019-01-25,sh.000300,3170.8770,3203.1740,3125.3000,3184.4690,38367839488,420529348608.0000,0.514366
2019-02-01,sh.000300,3203.1180,3247.4950,3148.2340,3247.3970,39229476096,448596865024.0000,1.976091
2019-02-15,sh.000300,3239.8070,3415.3990,3239.8070,3338.7040,67967512320,686657069056.0000,2.811698
2019-02-22,sh.000300,3366.4230,3520.1180,3366.4230,3520.1180,87674145024,899849195520.0000,5.433665
2019-03-01,sh.000300,3575.8520,3762.1120,3574.6880,3749.7140,137635304960,1512952983552.0000,6.522395
2019-03-08,sh.000300,3783.0360,3886.5790,3656.1910,3657.5790,152025729024,1677652865024.0000,-2.457121
2019-03-15,sh.000300,3663.9770,3804.7200,3650.8120,3745.0050,110551327488,1336084643840.0000,2.390270
2019-03-22,sh.000300,3753.6430,3868.3350,3733.6780,3833.8010,94195456000,1146489167872.0000,2.371052
2019-03-29,sh.000300,3776.4420,3876.3790,3687.5470,3872.3410,85930259456,1053078593536.0000,1.005269
2019-04-04,sh.000300,3901.1690,4072.1130,3901.1690,4062.2300,98971135232,1221057388544.0000,4.903726
2019-04-12,sh.000300,4097.1020,4122.6030,3961.4640,3988.6160,95006175744,1261195485184.0000,-1.812157
2019-04-19,sh.000300,4056.4910,4120.6350,3943.4870,4120.6070,86241168640,1098206740480.0000,3.309193
2019-04-26,sh.000300,4125.9710,4126.0900,3887.2520,3889.2740,79219423232,1019103150080.0000,-5.614052
2019-04-30,sh.000300,3896.5820,3953.2280,3875.4520,3913.2110,27010430464,365612478464.0000,0.615462
2019-05-10,sh.000300,3775.0760,3791.6110,3584.8220,3730.4510,69222913536,919729315840.0000,-4.670333
2019-05-17,sh.000300,3675.7590,3745.3550,3630.4380,3648.7600,56057860608,716795633664.0000,-2.189842
2019-05-24,sh.000300,3635.7350,3690.0880,3578.1120,3593.9130,49916435456,615990353920.0000,-1.503168
2019-05-31,sh.000300,3592.6020,3693.2270,3556.2560,3629.7890,50349737984,623495704576.0000,0.998243
2019-06-06,sh.000300,3640.6120,3672.8130,3557.0160,3564.6770,36199669504,452371181568.0000,-1.793823
2019-06-14,sh.000300,3578.0080,3723.1410,3568.2780,3654.8790,55318543872,657585942528.0000,2.530440
2019-06-21,sh.000300,3654.4430,3856.0850,3638.7800,3833.9380,59177188608,782828199936.0000,4.899177
2019-06-28,sh.000300,3836.3050,3854.0800,3755.0090,3825.5870,49606331136,698105860096.0000,-0.217818
2019-07-05,sh.000300,3899.3310,3942.4250,3854.6930,3893.2020,57557522432,813518802944.0000,1.767441
2019-07-12,sh.000300,3875.7540,3875.7540,3774.2300,3808.7310,40799369728,582384041984.0000,-2.169705
2019-07-19,sh.000300,3792.6400,3844.8680,3745.8540,3807.9550,45270265344,597176401920.0000,-0.020374
2019-07-26,sh.000300,3813.5020,3863.5870,3765.4420,3858.5680,43135512320,588446871552.0000,1.329139
2019-08-02,sh.000300,3857.9390,3890.7290,3720.0580,3747.4370,45353955840,602767228928.0000,-2.880110
2019-08-09,sh.000300,3724.4090,3739.5030,3575.8620,3633.5290,48915185408,640333553664.0000,-3.039624
2019-08-16,sh.000300,3647.8660,3738.0960,3612.1100,3710.5380,42670395136,605133328384.0000,2.119400
2019-08-23,sh.000300,3736.0340,3829.3600,3720.6890,3820.8630,50399135744,724763078656.0000,2.973289
2019-08-30,sh.000300,3756.3610,3848.2350,3753.1640,3799.5860,48812009728,740651397120.0000,-0.556864
2019-09-06,sh.000300,3803.6890,3970.0030,3799.8160,3948.5070,63817120256,914504331264.0000,3.919401
2019-09-12,sh.000300,3980.9570,3985.2390,3922.9530,3972.3790,51953528576,740955398144.0000,0.604583
2019-09-20,sh.000300,3981.3610,3982.2040,3879.4850,3935.6510,49545046528,720379793408.0000,-0.924584
2019-09-27,sh.000300,3925.1850,3927.0110,3832.2460,3852.6530,44804253696,674726604800.0000,-2.108876
2019-09-30,sh.000300,3842.0740,3857.2310,3813.5490,3814.5280,6593131264,100487270400.0000,-0.989578
2019-10-11,sh.000300,3818.5890,3922.3690,3805.0670,3911.7250,32514764544,498063237120.0000,2.548074
2019-10-18,sh.000300,3944.8590,3983.8110,3864.9650,3869.3770,43808214784,643711553536.0000,-1.082591
2019-10-25,sh.000300,3865.3430,3901.4240,3849.0330,3896.7920,36208830208,545209638912.0000,0.708512
2019-11-01,sh.000300,3904.9820,3956.0790,3876.4160,3952.3870,44494017280,699467612160.0000,1.426700
2019-11-08,sh.000300,3964.0050,4030.6380,3964.0050,3973.0100,49878053632,714441207808.0000,0.521800
2019-11-15,sh.000300,3948.6180,3948.6180,3877.0890,3877.0890,41818712832,586430054400.0000,-2.414300
2019-11-22,sh.000300,3874.4400,3947.0390,3833.5030,3849.9940,39579552512,599444992000.0000,-0.698800
2019-11-29,sh.000300,3850.9660,3899.1090,3804.8290,3828.6700,43339157760,591585878016.0000,-0.553900
2019-12-06,sh.000300,3835.5120,3902.3850,3811.6280,3902.3850,39840687872,574125023232.0000,1.925300
2019-12-13,sh.000300,3909.5290,3969.4560,3882.0870,3968.2210,51466189312,698575114240.0000,1.687100
2019-12-20,sh.000300,3970.7090,4067.1350,3953.5120,4017.2520,74016959488,962427011072.0000,1.235600
2019-12-27,sh.000300,4014.6920,4066.7960,3963.6650,4022.0270,57353123328,752349274112.0000,0.118900
2020-01-03,sh.000300,4015.5190,4172.6550,4001.4950,4144.9640,60417876480,875255828480.0000,3.056600
2020-01-10,sh.000300,4120.5210,4180.9770,4101.9800,4163.1840,73230287616,1036955160576.0000,0.439600
2020-01-17,sh.000300,4166.9250,4223.5070,4141.6440,4154.8530,55263922944,881932783616.0000,-0.200100
2020-01-23,sh.000300,4170.7360,4185.9620,3972.3930,4003.9010,54005302016,865824677888.0000,-3.633100
2020-02-07,sh.000300,3639.9080,3914.9150,3639.9080,3899.8690,87461249280,1305840701440.0000,-2.598300
2020-02-14,sh.000300,3872.3730,4001.5620,3861.0060,3987.7340,70680060928,1101210308608.0000,2.253000
2020-02-21,sh.000300,3999.6510,4184.4370,3999.6510,4149.4900,94450785792,1410574462976.0000,4.056300
2020-02-28,sh.000300,4131.8360,4149.0100,3928.0660,3940.0480,112969726976,1677033054208.0000,-5.047400
2020-03-06,sh.000300,3968.8430,4215.8510,3968.8430,4138.5070,102540689664,1546021117952.0000,5.037000
2020-03-13,sh.000300,4063.0760,4093.0024,3765.1479,3895.3128,91253172800,1359970340813.8000,-5.876400
2020-03-20,sh.000300,3899.8598,3899.8598,3503.1866,3653.2239,82766234300,1260837966788.1000,-6.214900
2020-03-27,sh.000300,3542.6837,3758.7827,3523.7877,3710.0605,67007942900,993224722615.9000,1.555800
2020-04-03,sh.000300,3657.4624,3738.8323,3637.5853,3713.2183,57267561000,831684948907.0000,0.085100
2020-04-10,sh.000300,3779.9076,3824.7441,3758.9599,3769.1782,45709753100,686066145250.6000,1.507000
2020-04-17,sh.000300,3751.7093,3863.4521,3740.1936,3839.4871,52610517800,810946668720.4000,1.865400
2020-04-24,sh.000300,3845.4598,3857.4709,3779.9967,3796.9721,47918705200,723632574153.7000,-1.107300
2020-04-30,sh.000300,3808.0171,3921.7004,3768.2000,3912.5772,44632792600,683031303661.0000,3.044700
2020-05-08,sh.000300,3867.2587,3979.6627,3865.9875,3963.6217,36231366200,572443348920.9000,1.304600
2020-05-15,sh.000300,3974.7605,3998.0972,3907.4021,3912.8159,49026341200,793587940105.4000,-1.281800
2020-05-22,sh.000300,3914.6602,3966.8518,3818.1488,3824.0640,50584759600,811957524290.3000,-2.268200
2020-05-29,sh.000300,3828.3206,3885.4211,3800.1796,3867.0232,42707111900,650961582018.2000,1.123400
2020-06-05,sh.000300,3901.7263,4018.6759,3901.7263,4001.2509,62407887400,908251783697.8000,3.471100
2020-06-12,sh.000300,4023.6060,4052.1557,3927.2491,4003.0829,62697161000,916943615667.3000,0.045800
2020-06-19,sh.000300,3982.9672,4109.3602,3954.9883,4098.7095,63905094900,1038949584359.6000,2.388800
2020-06-24,sh.000300,4097.5071,4144.6782,4080.7533,4138.9895,40677144000,718558461569.0000,0.982700
2020-07-03,sh.000300,4127.9348,4419.5955,4092.5352,4419.5955,97021473800,1602076114975.1000,6.779600
2020-07-10,sh.000300,4465.8081,4854.1201,4465.8081,4753.1333,182790096900,2832733573581.9000,7.546800
2020-07-17,sh.000300,4742.3738,4878.0773,4485.8214,4544.7007,138330913300,2423276344516.0000,-4.385200
2020-07-24,sh.000300,4597.2038,4790.4491,4479.3928,4505.5906,114890355600,2002156868893.7000,-0.860600
2020-07-31,sh.000300,4535.0053,4741.8084,4482.4408,4695.0462,87269094600,1620290359776.2000,4.204900
2020-08-07,sh.000300,4735.8985,4807.0782,4637.8427,4707.9262,109282439400,1977098627095.1000,0.274300
2020-08-14,sh.000300,4681.7553,4791.5337,4566.2736,4704.6288,91206559500,1574714626296.2000,-0.070000
2020-08-21,sh.000300,4727.1204,4838.0864,4662.8032,4718.8431,95061086100,1562530067926.8000,0.302100
2020-08-28,sh.000300,4746.4035,4850.4884,4679.3623,4844.2652,72259265800,1340873229251.6000,2.657900
2020-09-04,sh.000300,4870.9337,4901.2115,4726.5559,4770.2190,76465595200,1417677075604.0000,-1.528500
2020-09-11,sh.000300,4759.5213,4789.3031,4558.0304,4627.2826,71603942700,1200807006184.5000,-2.996400
2020-09-18,sh.000300,4652.0539,4737.8039,4601.6390,4737.0887,58431485100,1098379872280.0000,2.373000
2020-09-25,sh.000300,4750.7481,4752.9799,4554.7199,4570.0216,54564414000,978413851170.1000,-3.526800
2020-09-30,sh.000300,4582.6471,4634.7239,4563.4108,4587.3953,26012344700,484784784794.0000,0.380200
2020-10-09,sh.000300,4663.6100,4695.4041,4655.0851,4681.1412,11133751200,229926731489.9000,2.043600
2020-10-16,sh.000300,4705.1883,4845.9191,4704.1554,4791.6760,61088888300,1197910748307.5000,2.361300
2020-10-23,sh.000300,4823.4944,4849.6050,4717.0984,4718.4881,53927629500,996820886448.5000,-1.527400
2020-10-30,sh.000300,4684.0465,4803.0317,4639.3019,4695.3338,56638253400,1152035624747.1000,-0.490700
2020-11-06,sh.000300,4702.7457,4897.6295,4695.4436,4885.7178,68646853500,1349249050540.9000,4.054700
2020-11-13,sh.000300,4918.8609,4997.8017,4825.7578,4856.8513,78967741100,1493052318888.8000,-0.590800
2020-11-20,sh.000300,4880.9580,4947.4297,4848.6239,4943.2882,72755677900,1323124477646.4000,1.779700
2020-11-27,sh.000300,4954.5987,5029.6515,4867.8153,4980.7650,83304888500,1368436029406.0000,0.758100
2020-12-04,sh.000300,4994.1063,5090.6084,4960.2519,5065.9163,98435297900,1568690605872.3000,1.709600
2020-12-11,sh.000300,5065.7285,5067.8698,4849.3547,4889.6292,68715817800,1265175204951.9000,-3.479900
2020-12-18,sh.000300,4903.6270,5027.4446,4887.6599,4999.9678,60735825000,1254786613301.8000,2.256600
2020-12-25,sh.000300,4995.7622,5055.1348,4960.9457,5042.0137,67887521700,1424358896412.3000,0.840900
2020-12-31,sh.000300,5042.9432,5215.6178,5034.3078,5211.2885,59834202600,1215363671862.5000,3.357300
2021-01-08,sh.000300,5212.9313,5547.4733,5190.9372,5495.4306,105461302100,2342225500126.6000,5.452400
2021-01-15,sh.000300,5504.2358,5644.7195,5390.2737,5458.0812,119994687000,2533092011901.3000,-0.679600
2021-01-22,sh.000300,5438.1618,5593.1058,5410.7750,5569.7760,99825877100,2139498648013.6000,2.046400
2021-01-29,sh.000300,5564.1237,5655.4795,5288.0955,5351.9646,88180681900,2066521869703.0000,-3.910600
2021-02-05,sh.000300,5356.8535,5550.7714,5342.0458,5483.4140,88985384000,1924614742350.2000,2.456100
2021-02-10,sh.000300,5506.1423,5823.4219,5479.8529,5807.7191,49909082100,1163408356192.0000,5.914300
2021-02-19,sh.000300,5922.0714,5930.9122,5667.3209,5778.8420,43332446600,963915029680.1000,-0.497200
2021-02-26,sh.000300,5785.5097,5785.5097,5318.8579,5336.7609,118436129000,2258830692303.9000,-7.650000
2021-03-05,sh.000300,5389.2499,5454.9687,5174.2458,5262.7958,98408685900,1809123695513.9000,-1.386000
2021-03-12,sh.000300,5299.7907,5326.2602,4917.9090,5146.3786,102149248400,1788223375755.4000,-2.212100
2021-03-19,sh.000300,5116.1228,5160.4566,4980.7609,5007.0907,82178188100,1409892516163.2000,-2.706500
2021-03-26,sh.000300,5008.3953,5071.3378,4883.6615,5037.9899,76367446700,1279618468648.0000,0.617100
2021-04-02,sh.000300,5052.2634,5169.8312,5010.3902,5161.5569,67066966200,1221716800601.1000,2.452700
2021-04-09,sh.000300,5178.6401,5181.1490,5022.0926,5035.3374,52578551400,910065430714.6000,-2.445400
2021-04-16,sh.000300,5026.9791,5045.6018,4900.3033,4966.1811,62649381800,1141217760329.5000,-1.373400
2021-04-23,sh.000300,4966.4090,5149.9825,4940.7473,5135.4534,65917343700,1332949389027.9000,3.408500
2021-04-30,sh.000300,5156.5941,5181.1066,5042.6099,5123.4890,69617822300,1461868473255.9000,-0.233000
2021-05-07,sh.000300,5098.8006,5132.8986,4996.0370,4996.0527,33108095100,627896666797.0000,-2.487300
2021-05-14,sh.000300,5001.4371,5112.9838,4925.9152,5110.5901,74067175400,1338556623026.9000,2.292600
2021-05-21,sh.000300,5115.3063,5216.1615,5115.3063,5134.1483,65424713800,1369500547079.6000,0.461000
2021-05-28,sh.000300,5138.8149,5378.4764,5092.3894,5321.0886,79241493200,1672246685939.2000,3.641100
2021-06-04,sh.000300,5318.0825,5352.6404,5221.2291,5282.2772,71289002700,1517247498805.5000,-0.729400
2021-06-11,sh.000300,5284.8907,5319.0406,5201.1404,5224.7030,69988396400,1506398756703.8000,-1.090000
2021-06-18,sh.000300,5218.5648,5225.5021,5064.9208,5102.4657,53706636600,1267527768393.9000,-2.339600
2021-06-25,sh.000300,5088.0893,5251.6076,5058.5699,5239.9684,68057401300,1684856211944.1000,2.694800
2021-07-02,sh.000300,5253.6081,5260.6372,5074.3621,5081.1172,61977649500,1600041481157.3000,-3.031500
2021-07-09,sh.000300,5073.7787,5152.7711,5006.4115,5069.4361,75497010300,1785483545504.0000,-0.229900
2021-07-16,sh.000300,5108.3783,5159.4115,5067.6767,5094.7727,91208005300,1906178087090.0000,0.499800
2021-07-23,sh.000300,5083.7276,5171.2096,5047.6234,5089.2282,85256981300,1867884098353.0000,-0.108800
2021-07-30,sh.000300,5067.3072,5067.3072,4663.9009,4811.1695,101304915800,2272625983260.8000,-5.463700
2021-08-06,sh.000300,4794.8192,4997.1397,4761.4593,4921.5647,92775625600,2192200794903.1000,2.294600
2021-08-13,sh.000300,4890.2573,5059.7887,4884.0392,4945.9829,85829290100,1906669616751.5000,0.496100
2021-08-20,sh.000300,4935.9229,4973.3761,4720.8257,4769.2678,92634875200,1927347417952.1000,-3.572900
2021-08-27,sh.000300,4777.7347,4906.2036,4764.0089,4827.0433,93583787000,1916357878686.0000,1.211400
2021-09-03,sh.000300,4847.0348,4906.4024,4740.7524,4843.0624,131742540400,2439191726618.6000,0.331900
2021-09-10,sh.000300,4841.0623,5042.7994,4837.7859,5013.5219,129413564800,2173545214636.2000,3.519700
2021-09-17,sh.000300,5006.7748,5029.7237,4786.0876,4855.9402,110220065600,1967746799333.7000,-3.143100
2021-09-24,sh.000300,4770.7323,4897.0596,4765.2301,4849.4277,62706473000,1035943362192.3000,-0.134100
2021-09-30,sh.000300,4870.8482,4922.5626,4799.8770,4866.3826,72714317200,1362451669933.0000,0.349600
2021-10-08,sh.000300,4915.7305,4937.0918,4891.6249,4929.9409,16896807700,343635835306.4000,1.306100
2021-10-15,sh.000300,4941.2918,4983.7294,4840.7700,4932.1084,72511278800,1444535384366.2000,0.044000
2021-10-22,sh.000300,4922.5137,4989.8870,4844.9383,4959.7254,71086925700,1429270995393.9000,0.559900
2021-10-29,sh.000300,4940.8962,5002.5746,4846.2779,4908.7701,74639885100,1586018628189.2000,-1.027400
2021-11-05,sh.000300,4878.1276,4911.2266,4797.8990,4842.3458,78016781100,1688491478060.0000,-1.353200
2021-11-12,sh.000300,4841.1527,4909.0839,4753.9959,4888.3749,68403980100,1453995726219.0000,0.950600
2021-11-19,sh.000300,4894.4119,4915.3717,4829.5665,4890.0575,59921565500,1314035652412.6000,0.034400
2021-11-26,sh.000300,4895.3875,4935.4885,4850.8114,4860.1265,66590092500,1405370625269.2000,-0.612100
2021-12-03,sh.000300,4820.0053,4901.0175,4810.2192,4901.0175,67849239400,1399336792535.2000,0.841400
2021-12-10,sh.000300,4909.4292,5114.5012,4888.6927,5055.1172,92442363200,1785686972650.5000,3.144200
2021-12-17,sh.000300,5090.0207,5143.8410,4954.7592,4954.7599,81449840400,1625552717364.6000,-1.985300
2021-12-24,sh.000300,4934.9662,4971.6727,4872.6846,4921.3449,72850105700,1375045965534.4000,-0.674400
2021-12-31,sh.000300,4918.1462,4959.1448,4878.6478,4940.3733,61107662600,1338961590501.2000,0.386700
2022-01-07,sh.000300,4957.9835,4961.4527,4786.4330,4822.3689,67515611500,1354430517759.0000,-2.388600
2022-01-14,sh.000300,4812.2300,4853.0632,4723.9428,4726.7317,73572268300,1455260181223.4000,-1.983200
2022-01-21,sh.000300,4728.7595,4845.0048,4726.7083,4779.3142,70401775300,1401115615548.8000,1.112400
2022-01-28,sh.000300,4753.9413,4801.0976,4559.8331,4563.7720,60294622400,1237874359030.3000,-4.509900
2022-02-11,sh.000300,4638.5754,4672.6535,4522.4709,4601.3953,75656722500,1416331033054.5000,0.824400
2022-02-18,sh.000300,4579.4202,4651.3415,4530.0566,4651.2358,58052332000,1159677442962.9000,1.083200
2022-02-25,sh.000300,4646.0522,4646.6724,4488.4763,4573.4247,69291230600,1335036555688.0000,-1.672900
2022-03-04,sh.000300,4563.7427,4623.4312,4481.4927,4496.4301,63739720600,1216766622179.0000,-1.683500
2022-03-11,sh.000300,4462.5174,4462.5174,4068.1930,4306.5217,82196018700,1559729632522.0000,-4.223500
2022-03-18,sh.000300,4248.1526,4302.7426,3942.8610,4265.9017,85759956600,1647394683477.6000,-0.943200
2022-03-25,sh.000300,4280.1397,4287.8166,4173.9300,4174.5742,58823422600,1140426473513.8000,-2.140900
2022-04-01,sh.000300,4128.8379,4290.6710,4091.2978,4276.1580,62489425500,1165438096398.2000,2.433400
2022-04-08,sh.000300,4258.8325,4278.1127,4175.5287,4230.7669,43678634100,699768880161.3000,-1.061500
2022-04-15,sh.000300,4203.7902,4217.0612,4075.7960,4188.7472,66713382300,1211559937104.2000,-0.993200
2022-04-22,sh.000300,4152.9306,4186.9389,3953.7217,4013.2498,59993937800,1071360989408.6000,-4.189700
2022-04-29,sh.000300,3933.4459,4017.4281,3757.0859,4016.2410,83119112200,1419356849320.2000,0.074500
2022-05-06,sh.000300,3995.3533,4039.7000,3902.0510,3908.8150,27717626700,505363404710.3000,-2.674800
2022-05-13,sh.000300,3883.9514,4033.3026,3808.5699,3988.6002,61833029100,1117867828931.1000,2.041200
2022-05-20,sh.000300,4014.9955,4077.6016,3933.7452,4077.5998,59352357400,1087451886868.6000,2.231300
2022-05-27,sh.000300,4080.9694,4080.9694,3938.2389,4001.2988,62279918700,1086326569651.2000,-1.871200
2022-06-02,sh.000300,4020.8584,4096.1971,4003.3768,4089.5682,47531227100,926988586121.0000,2.206000
2022-06-10,sh.000300,4090.5286,4241.3541,4063.9057,4238.9936,82148331700,1538553846948.3000,3.653800
2022-06-17,sh.000300,4194.4574,4348.4226,4102.9290,4309.0444,93963163000,1815682687475.8000,1.652500
2022-06-24,sh.000300,4322.8324,4400.6852,4260.9002,4394.7723,82875441000,1658588408976.5000,1.989500
2022-07-01,sh.000300,4414.3321,4514.9968,4407.3519,4466.7179,84086474100,1811881061650.6000,1.637100
2022-07-08,sh.000300,4447.2159,4530.3245,4391.1938,4428.7810,70696494600,1695697320787.5000,-0.849300
2022-07-15,sh.000300,4406.1476,4406.1476,4248.5273,4248.5273,69121497400,1494706144393.9000,-4.070100
2022-07-22,sh.000300,4262.1539,4303.3668,4207.3135,4238.2341,54189403400,1187998222124.3000,-0.242300
2022-07-29,sh.000300,4233.9277,4267.9181,4160.8735,4170.1019,47007609400,1077053197973.5000,-1.607600
2022-08-05,sh.000300,4160.6478,4196.5743,4058.1792,4156.9111,55874322600,1265059275560.1000,-0.316300
2022-08-12,sh.000300,4142.1111,4202.4663,4092.5455,4191.1520,48810428200,1144590926446.9000,0.823700
2022-08-19,sh.000300,4180.0006,4222.7866,4151.0738,4151.0738,53112492100,1227012330311.3000,-0.956300
2022-08-26,sh.000300,4135.1623,4187.3875,4058.7454,4107.5455,54498714900,1229361582125.4000,-1.048600
2022-09-02,sh.000300,4063.8825,4112.8485,4004.9110,4023.6131,50428220800,1084076611995.7000,-2.043400
2022-09-09,sh.000300,4010.4052,4099.0081,3982.7395,4093.7874,53426459600,1060519282044.1000,1.744100
2022-09-16,sh.000300,4112.0123,4128.1113,3932.6826,3932.6826,46372826900,899625360073.3000,-3.935300
2022-09-23,sh.000300,3928.4239,3957.5538,3829.6913,3856.0212,44429148100,865800578611.4000,-1.949300
2022-09-30,sh.000300,3829.5958,3893.3186,3801.2798,3804.8853,44419251200,881628179176.3000,-1.326100
2022-10-14,sh.000300,3806.5596,3863.2265,3661.5255,3842.4698,50994274700,1027287824763.0000,0.987800
2022-10-21,sh.000300,3822.2428,3870.2155,3724.6900,3742.8929,46315470300,978249555002.0000,-2.591500
2022-10-28,sh.000300,3727.9150,3762.1580,3533.4993,3541.3295,59908313100,1224497080956.6000,-5.385200
2022-11-04,sh.000300,3504.5070,3782.8823,3495.9509,3767.1746,68964625600,1369837771740.0000,6.377400
2022-11-11,sh.000300,3754.5227,3828.9004,3665.0585,3788.4387,61147223500,1144203189748.1000,0.564500
2022-11-18,sh.000300,3818.1447,3877.6781,3775.4988,3801.5686,66281107100,1291466529441.5000,0.346600
2022-11-25,sh.000300,3769.6270,3809.8582,3733.9954,3775.7764,62888436900,945201765527.5000,-0.678500
2022-12-02,sh.000300,3701.9020,3944.5645,3672.1306,3870.9478,75078947500,1243350728308.9000,2.520600
2022-12-09,sh.000300,3907.6375,4003.3178,3900.6742,3998.2442,76883184000,1293894252332.9000,3.288500
2022-12-16,sh.000300,3976.1722,3983.4332,3926.4997,3954.2270,50750076600,957285441375.9000,-1.100900
2022-12-23,sh.000300,3952.7707,3966.5679,3805.9487,3828.2188,40383843300,762827591452.7000,-3.186700
2022-12-30,sh.000300,3830.5682,3891.8497,3827.5186,3871.6338,39311380500,758702582902.5000,1.134100
2023-01-06,sh.000300,3864.8356,4000.4143,3831.2450,3980.8888,45316805100,898594791513.2000,2.821900
2023-01-13,sh.000300,3998.5278,4074.3772,3990.7073,4074.3772,50522797800,1046944121264.4000,2.348400
2023-01-20,sh.000300,4077.8793,4189.8310,4076.6394,4181.5267,54923734700,1110557542587.7000,2.629800
2023-02-03,sh.000300,4267.6248,4268.1522,4103.1654,4141.6319,68103181000,1334524793308.9000,-0.954100
2023-02-10,sh.000300,4103.8307,4130.8565,4064.7489,4106.3097,48534558200,987545142795.4000,-0.852900
2023-02-17,sh.000300,4098.8795,4167.9003,4032.9285,4034.5070,62851014900,1183814518814.0000,-1.748600
2023-02-24,sh.000300,4039.9623,4151.7994,4035.4762,4061.0457,61641528000,1109787369672.2000,0.657800
2023-03-03,sh.000300,4040.4571,4137.2525,4026.4476,4130.5513,66867639300,1105002305138.4000,1.711500
2023-03-10,sh.000300,4131.1525,4132.8367,3966.4280,3967.1352,71721540600,1167256457990.0000,-3.956300
2023-03-17,sh.000300,3962.6426,4018.7495,3936.4758,3958.8194,76608101300,1293996761532.0000,-0.209600
2023-03-24,sh.000300,3962.6625,4039.0895,3935.0161,4027.0457,81791437000,1428838128169.0000,1.723400
2023-03-31,sh.000300,4023.3028,4063.5675,3983.8958,4050.9257,72286448900,1387946942425.0000,0.593000
2023-04-07,sh.000300,4059.6227,4131.3126,4059.0607,4123.2799,65865105600,1392888357043.0000,1.786100
2023-04-14,sh.000300,4132.0096,4132.2952,4059.5744,4091.9988,77945959000,1596933257802.0000,-0.758600
2023-04-21,sh.000300,4090.0719,4169.6678,4031.9123,4032.5672,86502092900,1665620860747.0000,-1.452400
2023-04-28,sh.000300,4031.3030,4033.6367,3925.4360,4029.0858,83869331500,1615289342358.2000,-0.086300
2023-05-05,sh.000300,4013.4713,4047.6015,3998.3920,4016.8774,43420977000,653186995986.0000,-0.303000
2023-05-12,sh.000300,4028.1056,4092.8501,3937.5274,3937.7622,103166818900,1535491921152.1000,-1.969600
2023-05-19,sh.000300,3938.8300,4005.0150,3923.0317,3944.5403,68828524400,1155796631349.3000,0.172100
2023-05-26,sh.000300,3941.0015,3985.4031,3815.5701,3850.9511,58953715600,1008761211033.5000,-2.372600
2023-06-02,sh.000300,3862.0838,3866.7238,3781.4034,3861.8337,65544395500,1184794087835.8000,0.282600
2023-06-09,sh.000300,3860.5557,3867.8452,3777.7752,3836.7026,59382847600,1069531262636.9000,-0.650800
2023-06-16,sh.000300,3827.3253,3968.0128,3813.8577,3963.3509,63076926200,1273169740704.8000,3.301000
2023-06-21,sh.000300,3957.0327,3957.0327,3864.0323,3864.0323,37577274100,778117855459.0000,-2.505900
2023-06-30,sh.000300,3833.4436,3860.0311,3801.0537,3842.4516,55756234400,1076255823662.0000,-0.558500
2023-07-07,sh.000300,3853.2919,3899.9755,3819.0772,3825.6988,54131772400,1020273378220.0000,-0.436000
2023-07-14,sh.000300,3841.5591,3908.4871,3831.9200,3899.1027,53273125900,1032502199892.9000,1.918700
2023-07-21,sh.000300,3881.6225,3881.6225,3808.8030,3821.9100,44091409800,824504432303.3000,-1.979800
2023-07-28,sh.000300,3803.3492,4000.9190,3798.8048,3992.7376,63683417200,1151152429443.5000,4.469700
2023-08-04,sh.000300,4018.8895,4064.3621,3958.5127,4020.5792,77502320800,1368380143223.7000,0.697300
2023-08-11,sh.000300,4002.9677,4002.9677,3884.2538,3884.2538,54908241000,983289195675.4000,-3.390700
2023-08-18,sh.000300,3840.8872,3865.2840,3782.4967,3784.0038,50764552400,886924241198.2000,-2.580900
2023-08-25,sh.000300,3773.2250,3782.1112,3695.0309,3709.1517,54090546500,909178882422.9000,-1.978100
2023-09-01,sh.000300,3911.5485,3911.5485,3740.5279,3791.4912,70442887700,1189706231485.1000,2.219900
2023-09-08,sh.000300,3812.9873,3854.2605,3724.9870,3739.9927,50662199600,878997536017.1000,-1.358300
2023-09-15,sh.000300,3740.5846,3788.3219,3699.3806,3708.7766,47610205900,797204430989.3000,-0.834700
2023-09-22,sh.000300,3698.9344,3740.4183,3664.7661,3738.9327,43863715900,737123939014.8000,0.813100
2023-09-28,sh.000300,3738.0622,3738.0622,3685.3001,3689.5172,34749193300,611893121747.0000,-1.321600
2023-10-13,sh.000300,3678.9290,3711.4985,3641.9966,3663.4104,51605458700,892429416620.0000,-0.707600
2023-10-20,sh.000300,3664.0390,3664.0390,3501.7250,3510.5889,48740031000,824362634601.3000,-4.171600
2023-10-27,sh.000300,3500.1990,3576.5861,3450.6456,3562.3851,56548723200,942666266403.0000,1.475400
2023-11-03,sh.000300,3554.1055,3606.4126,3553.7406,3584.1364,54214497500,937565597487.0000,0.610600
2023-11-10,sh.000300,3608.3187,3635.7897,3576.1011,3586.4893,58784437500,993773831694.3000,0.065600
2023-11-17,sh.000300,3593.9109,3620.6007,3547.0287,3568.0685,47730501200,805939679415.2000,-0.513600
2023-11-24,sh.000300,3569.7314,3615.0569,3529.9390,3538.0087,45427771000,751014746209.3000,-0.842500
2023-12-01,sh.000300,3534.4445,3534.4445,3452.1728,3482.8813,49716127600,789532712996.7000,-1.558100
2023-12-08,sh.000300,3481.0449,3488.1330,3369.7675,3399.4618,53066965400,865632244888.3000,-2.395100
2023-12-15,sh.000300,3378.0517,3427.5456,3339.5190,3341.5517,52194454700,867349869686.9000,-1.703500
2023-12-22,sh.000300,3329.1910,3359.0601,3283.9883,3337.2281,47451414300,757344640506.0000,-0.129400
2023-12-29,sh.000300,3330.3333,3432.5412,3309.6731,3431.1099,50667333900,823882063159.9000,2.813200
2024-01-05,sh.000300,3426.2684,3426.2684,3313.5542,3329.1114,45491616400,696959043737.9000,-2.972800
2024-01-12,sh.000300,3322.6051,3333.5160,3266.7911,3284.1667,52660260600,840330173604.1000,-1.350100
2024-01-19,sh.000300,3270.1029,3306.9217,3171.6329,3269.7763,60430849900,941545039021.0000,-0.438200
2024-01-26,sh.000300,3262.4685,3351.9692,3188.1259,3333.8213,80258720100,1142003556548.3000,1.958700
2024-02-02,sh.000300,3335.3936,3351.3715,3108.3515,3179.6276,80023249500,1097934508215.7000,-4.625100
2024-02-08,sh.000300,3164.2500,3367.2101,3111.5184,3364.9297,81238158000,1132992592239.3000,5.827800
2024-02-23,sh.000300,3393.1916,3507.5592,3364.1418,3489.7416,79877580000,1235981157688.1000,3.709200
2024-03-01,sh.000300,3485.5427,3544.3595,3437.4422,3537.8038,79926822700,1382288468734.9000,1.377200
2024-03-08,sh.000300,3538.3660,3577.3883,3511.5770,3544.9099,74664678900,1323128661275.9000,0.200900
2024-03-15,sh.000300,3545.9427,3605.6976,3533.6798,3569.9930,75275774100,1401109548572.9000,0.707600
2024-03-22,sh.000300,3577.0564,3610.7389,3522.8404,3545.0023,70545092500,1260633816562.4000,-0.700000
2024-03-29,sh.000300,3536.7136,3564.9604,3489.3861,3537.4843,66383002900,1111162908336.3000,-0.212100
2024-04-03,sh.000300,3551.5815,3600.9193,3551.5815,3567.8031,43964186400,686067685968.1000,0.857100
2024-04-12,sh.000300,3553.5554,3567.8200,3470.0611,3475.8389,66922101000,1047757232476.6000,-2.577600
2024-04-19,sh.000300,3473.5047,3602.7902,3473.5047,3541.6619,85441632300,1253335716946.2000,1.893700
2024-04-26,sh.000300,3536.1844,3588.4003,3495.6494,3584.2686,72783625200,1130638019326.3000,1.203000
2024-04-30,sh.000300,3584.5427,3645.8229,3578.7597,3604.3943,41401828000,645383870595.4000,0.561500
2024-05-10,sh.000300,3654.0485,3674.6088,3628.6984,3666.2771,80016718200,1246987770478.3000,1.716900
2024-05-17,sh.000300,3646.3491,3677.9696,3624.0020,3677.9696,73339762900,1143831461378.0000,0.318900
2024-05-24,sh.000300,3682.0615,3703.0287,3599.6678,3601.4754,73456647800,1116935851089.8000,-2.079800
2024-05-31,sh.000300,3606.6450,3638.9703,3579.9247,3579.9247,60577621700,943375073774.8000,-0.598400
2024-06-07,sh.000300,3577.3798,3625.0109,3552.0853,3574.1143,64550299600,1040953096020.1000,-0.162300
2024-06-14,sh.000300,3555.8186,3565.3113,3503.5233,3541.5331,55209843900,918566093139.4000,-0.911600
2024-06-21,sh.000300,3521.4365,3551.7085,3473.8283,3495.6198,58855208400,995160786420.0000,-1.296400
2024-06-28,sh.000300,3473.6392,3505.7752,3440.6464,3461.6570,59266441700,937443313386.2000,-0.971600
2024-07-05,sh.000300,3458.2636,3488.3189,3399.6693,3431.0605,56837656700,878052060532.1000,-0.883900
2024-07-12,sh.000300,3420.8033,3479.0958,3384.8086,3472.4014,65112817200,1033364932834.4000,1.204900
2024-07-19,sh.000300,3462.6113,3545.3383,3460.7915,3539.0156,62719433600,1038720902817.0000,1.918400
2024-07-26,sh.000300,3538.4012,3540.1874,3383.7991,3409.2931,64327806000,983184174671.9000,-3.665500
2024-08-02,sh.000300,3404.3663,3448.3361,3352.8043,3384.3919,63963784600,976098270595.0000,-0.730400
2024-08-09,sh.000300,3362.1117,3409.0314,3318.6251,3331.6274,54124449300,842770028521.9000,-1.559100
2024-08-16,sh.000300,3327.5561,3356.9071,3297.9711,3345.6340,44445632200,646120658582.2000,0.420400
2024-08-23,sh.000300,3344.2614,3375.9621,3305.2453,3327.1905,48708647000,691721927052.5000,-0.551300
2024-08-30,sh.000300,3330.7184,3351.6254,3269.5288,3321.4323,60189335500,847525025390.5000,-0.173100
2024-09-06,sh.000300,3307.5432,3307.7627,3231.0685,3231.3457,56085200800,745729292759.9000,-2.712300
2024-09-13,sh.000300,3214.7996,3222.9278,3159.2470,3159.2470,48965059100,695476523761.8000,-2.231200
2024-09-20,sh.000300,3158.8179,3213.8378,3145.7908,3201.0497,32822618400,469222312638.5000,1.323200
2024-09-27,sh.000300,3200.8678,3708.4951,3198.0248,3703.6849,104960311100,1649294679174.5000,15.702200
2024-09-30,sh.000300,3846.6515,4038.6968,3796.5045,4017.8545,51021770700,862528807419.2000,8.482600
2024-10-11,sh.000300,4450.3675,4450.3675,3847.1228,3887.1670,174128679300,3362369984131.7000,-3.252700
2024-10-18,sh.000300,3915.2186,3998.2140,3765.1615,3925.2340,129420450200,2335633066894.0000,0.979300
2024-10-25,sh.000300,3946.9016,4012.1795,3896.1650,3956.4210,114591192600,2264830514950.6000,0.794500
2024-11-01,sh.000300,3953.1063,3991.3091,3859.1079,3890.0203,126151422400,2197092555949.3000,-1.678300
2024-11-08,sh.000300,3897.7144,4200.9080,3891.2109,4104.0470,155569659100,2947737033423.9000,5.501900
2024-11-15,sh.000300,4066.9336,4181.7096,3968.8308,3968.8308,130540865900,2736958011193.3000,-3.294700
2024-11-22,sh.000300,3982.1036,4034.0596,3865.6989,3865.6989,111673551900,1944398560897.1000,-2.598500
2024-11-29,sh.000300,3875.6126,3962.7002,3812.3179,3916.5832,85250549400,1595737272629.8000,1.316300
2024-12-06,sh.000300,3909.7029,3995.1168,3902.1697,3973.1405,88500491400,1617394737194.6000,1.444000
2024-12-13,sh.000300,3970.6628,4098.3804,3931.7392,3933.1808,101865145500,1861364705080.7000,-1.005700
2024-12-20,sh.000300,3930.7807,3958.6336,3899.7479,3927.7441,81325619800,1564396716983.4000,-0.138200
2024-12-27,sh.000300,3928.1493,4007.7626,3928.1493,3981.0307,82364665000,1614524448897.7000,1.356700
2025-01-03,sh.000300,3976.7004,4005.7780,3767.6653,3775.1648,74178228200,1363539171797.4000,-5.171200
2025-01-10,sh.000300,3775.9902,3810.7355,3731.1887,3732.4806,73388659000,1357465273780.4000,-1.130700
2025-01-17,sh.000300,3704.4442,3842.9470,3704.1073,3812.3429,71971420800,1443346149156.9000,2.139700
2025-01-24,sh.000300,3835.3042,3864.2585,3783.1438,3832.8637,74759601800,1517666884936.4000,0.538300
2025-01-27,sh.000300,3836.9578,3851.9969,3817.0802,3817.0802,14667077200,282940127540.6000,-0.411800
2025-02-07,sh.000300,3844.6998,3919.3499,3785.1620,3892.7028,54631419100,1205289730204.8000,1.981200
2025-02-14,sh.000300,3898.1023,3942.0356,3867.3538,3939.0085,86516881500,1815112685449.1000,1.189600
2025-02-21,sh.000300,3954.4147,3981.0480,3901.8675,3978.4440,99713843000,2025414101006.3000,1.001200
2025-02-28,sh.000300,3972.4831,3995.9456,3886.3994,3890.0487,99097380900,2068109230815.2000,-2.221900
2025-03-07,sh.000300,3899.6962,3967.0743,3855.7254,3944.0143,84682017400,1682703594249.4000,1.387300
2025-03-14,sh.000300,3945.5795,4014.1586,3889.4298,4006.5567,82692727000,1635751099348.1000,1.585800
2025-03-21,sh.000300,4020.6402,4025.2990,3904.7674,3914.6956,74649079900,1467088328519.4000,-2.292800
2025-03-28,sh.000300,3916.1136,3952.9852,3903.6520,3915.1662,67702421200,1171793726148.0000,0.012000
2025-04-03,sh.000300,3905.9815,3928.4482,3843.4177,3861.5034,56282176100,976474188130.0000,-1.370600
2025-04-11,sh.000300,3675.2017,3762.3653,3514.1165,3750.5167,125109352400,2154401651631.8000,-2.874200
2025-04-18,sh.000300,3772.0407,3782.0443,3721.6025,3772.5230,68014696000,1165008720346.8000,0.586800
2025-04-25,sh.000300,3768.1421,3807.9536,3763.1383,3786.9937,62078655000,1091421866292.2000,0.383600
2025-04-30,sh.000300,3786.3867,3792.0082,3768.0311,3770.5705,38034144300,652918525103.3000,-0.433700
2025-05-09,sh.000300,3794.3757,3867.3313,3782.7770,3846.1566,56404211700,1017633046470.2000,2.004600
2025-05-16,sh.000300,3866.5305,3960.5228,3859.0346,3889.0854,72917363200,1333475179971.0000,1.116100
2025-05-23,sh.000300,3882.5677,3931.5514,3866.5695,3882.2741,54119446200,1034019401076.2000,-0.175100
2025-05-30,sh.000300,3875.7891,3884.5370,3829.2542,3840.2323,51734877200,958689281989.6000,-1.082900
2025-06-06,sh.000300,3833.4584,3889.4557,3832.7202,3873.9841,48207311800,872302961862.3000,0.878900
2025-06-13,sh.000300,3877.7977,3911.6107,3850.4663,3864.1822,73082315700,1352300852303.6000,-0.253000
2025-06-20,sh.000300,3853.6193,3881.3460,3834.9512,3846.6443,63564466000,1146177663755.4000,-0.453900
2025-06-27,sh.000300,3831.1703,3969.2626,3827.0829,3921.7578,84454492700,1560009268396.3000,1.952700
2025-07-04,sh.000300,3920.3149,4013.8478,3911.6044,3982.2034,71939379900,1331652182511.3000,1.541300
2025-07-11,sh.000300,3977.2881,4065.9419,3956.5663,4014.8070,93266364100,1614213122169.1000,0.818700
2025-07-18,sh.000300,4021.2135,4064.6378,3993.9209,4058.5486,89744751800,1655358625615.0000,1.089500
2025-07-25,sh.000300,4069.7685,4155.6783,4063.4427,4127.1634,137459897000,2216589036132.8000,1.690600
2025-08-01,sh.000300,4128.1993,4185.2064,4040.4620,4054.9286,116672997500,2132553388517.3000,-1.750200
2025-08-08,sh.000300,4037.9378,4129.7382,4037.9378,4104.9669,88961715900,1577201763141.2000,1.234000
2025-08-15,sh.000300,4110.2939,4220.3109,4103.6050,4202.3533,106409769900,2210313511153.1000,2.372400
2025-08-22,sh.000300,4218.2471,4378.3881,4190.5559,4377.9977,134824455700,2962173720967.3000,4.179700
2025-08-29,sh.000300,4416.2924,4516.8395,4364.1710,4496.7591,161061878200,3807348566054.7000,2.712700
2025-09-05,sh.000300,4516.8787,4548.8937,4327.5068,4460.3249,143617975700,3641366270744.7000,-0.810200
